sku,product_name,month,units,order_lines,avg_price
19,Nike Men's Fingertrap Max Training Shoe,2017-04-01,2.0,2,124.9899979
19,Nike Men's Fingertrap Max Training Shoe,2017-05-01,13.0,13,124.9899979
19,Nike Men's Fingertrap Max Training Shoe,2017-06-01,13.0,13,124.9899979
19,Nike Men's Fingertrap Max Training Shoe,2017-07-01,15.0,15,124.9899979
19,Nike Men's Fingertrap Max Training Shoe,2017-08-01,17.0,17,124.9899979
19,Nike Men's Fingertrap Max Training Shoe,2017-09-01,4.0,4,124.9899979
24,Elevation Training Mask 2.0,2017-04-01,12.0,4,79.98999786
24,Elevation Training Mask 2.0,2017-05-01,71.0,22,79.98999786
24,Elevation Training Mask 2.0,2017-06-01,52.0,17,79.98999786
24,Elevation Training Mask 2.0,2017-07-01,45.0,16,79.98999786
24,Elevation Training Mask 2.0,2017-08-01,42.0,12,79.98999786
24,Elevation Training Mask 2.0,2017-09-01,9.0,3,79.98999786
35,adidas Brazuca 2014 Official Match Ball,2017-04-01,5.0,5,159.9900055
35,adidas Brazuca 2014 Official Match Ball,2017-05-01,15.0,15,159.9900055
35,adidas Brazuca 2014 Official Match Ball,2017-06-01,12.0,12,159.99000550000002
35,adidas Brazuca 2014 Official Match Ball,2017-07-01,14.0,14,159.99000550000002
35,adidas Brazuca 2014 Official Match Ball,2017-08-01,14.0,14,159.99000550000002
35,adidas Brazuca 2014 Official Match Ball,2017-09-01,5.0,5,159.9900055
37,adidas Kids' F5 Messi FG Soccer Cleat,2015-01-01,18.0,5,34.99000168
37,adidas Kids' F5 Messi FG Soccer Cleat,2015-02-01,20.0,9,34.990001680000006
37,adidas Kids' F5 Messi FG Soccer Cleat,2015-03-01,13.0,5,34.99000168
37,adidas Kids' F5 Messi FG Soccer Cleat,2015-04-01,32.0,11,34.99000168
37,adidas Kids' F5 Messi FG Soccer Cleat,2015-05-01,25.0,12,34.99000168
37,adidas Kids' F5 Messi FG Soccer Cleat,2015-06-01,16.0,5,34.99000168
37,adidas Kids' F5 Messi FG Soccer Cleat,2015-07-01,30.0,12,34.99000168
37,adidas Kids' F5 Messi FG Soccer Cleat,2015-08-01,20.0,6,34.99000168
37,adidas Kids' F5 Messi FG Soccer Cleat,2015-09-01,35.0,9,34.990001680000006
37,adidas Kids' F5 Messi FG Soccer Cleat,2015-10-01,8.0,5,34.99000168
37,adidas Kids' F5 Messi FG Soccer Cleat,2015-11-01,48.0,15,34.99000167999999
37,adidas Kids' F5 Messi FG Soccer Cleat,2015-12-01,39.0,13,34.990001680000006
37,adidas Kids' F5 Messi FG Soccer Cleat,2016-01-01,25.0,9,34.990001680000006
37,adidas Kids' F5 Messi FG Soccer Cleat,2016-02-01,32.0,9,34.990001680000006
37,adidas Kids' F5 Messi FG Soccer Cleat,2016-03-01,24.0,8,34.99000168
37,adidas Kids' F5 Messi FG Soccer Cleat,2016-04-01,38.0,10,34.99000168
37,adidas Kids' F5 Messi FG Soccer Cleat,2016-05-01,24.0,7,34.99000168
37,adidas Kids' F5 Messi FG Soccer Cleat,2016-06-01,19.0,8,34.99000168
37,adidas Kids' F5 Messi FG Soccer Cleat,2016-07-01,59.0,21,34.99000167999999
37,adidas Kids' F5 Messi FG Soccer Cleat,2016-08-01,20.0,6,34.99000168
37,adidas Kids' F5 Messi FG Soccer Cleat,2016-09-01,15.0,6,34.99000168
37,adidas Kids' F5 Messi FG Soccer Cleat,2016-10-01,27.0,9,34.990001680000006
37,adidas Kids' F5 Messi FG Soccer Cleat,2016-11-01,41.0,11,34.99000168
37,adidas Kids' F5 Messi FG Soccer Cleat,2016-12-01,29.0,8,34.99000168
37,adidas Kids' F5 Messi FG Soccer Cleat,2017-01-01,34.0,11,34.99000168
37,adidas Kids' F5 Messi FG Soccer Cleat,2017-02-01,28.0,10,34.99000168
37,adidas Kids' F5 Messi FG Soccer Cleat,2017-03-01,48.0,18,34.99000168
37,adidas Kids' F5 Messi FG Soccer Cleat,2017-04-01,14.0,4,34.99000168
44,adidas Men's F10 Messi TRX FG Soccer Cleat,2015-01-01,50.0,15,59.99000167999999
44,adidas Men's F10 Messi TRX FG Soccer Cleat,2015-02-01,27.0,9,59.990001680000006
44,adidas Men's F10 Messi TRX FG Soccer Cleat,2015-03-01,53.0,14,59.99000167999999
44,adidas Men's F10 Messi TRX FG Soccer Cleat,2015-04-01,34.0,10,59.99000168
44,adidas Men's F10 Messi TRX FG Soccer Cleat,2015-05-01,32.0,14,59.99000167999999
44,adidas Men's F10 Messi TRX FG Soccer Cleat,2015-06-01,33.0,11,59.99000168
44,adidas Men's F10 Messi TRX FG Soccer Cleat,2015-07-01,40.0,13,59.99000167999999
44,adidas Men's F10 Messi TRX FG Soccer Cleat,2015-08-01,21.0,8,59.99000168
44,adidas Men's F10 Messi TRX FG Soccer Cleat,2015-09-01,40.0,16,59.99000167999999
44,adidas Men's F10 Messi TRX FG Soccer Cleat,2015-10-01,31.0,9,59.990001680000006
44,adidas Men's F10 Messi TRX FG Soccer Cleat,2015-11-01,8.0,4,59.99000168
44,adidas Men's F10 Messi TRX FG Soccer Cleat,2015-12-01,37.0,12,59.99000168
44,adidas Men's F10 Messi TRX FG Soccer Cleat,2016-01-01,19.0,7,59.99000167999999
44,adidas Men's F10 Messi TRX FG Soccer Cleat,2016-02-01,36.0,11,59.99000168
44,adidas Men's F10 Messi TRX FG Soccer Cleat,2016-03-01,40.0,12,59.99000168
44,adidas Men's F10 Messi TRX FG Soccer Cleat,2016-04-01,40.0,14,59.99000167999999
44,adidas Men's F10 Messi TRX FG Soccer Cleat,2016-05-01,45.0,15,59.99000167999999
44,adidas Men's F10 Messi TRX FG Soccer Cleat,2016-06-01,20.0,5,59.99000168
44,adidas Men's F10 Messi TRX FG Soccer Cleat,2016-07-01,53.0,15,59.99000167999999
44,adidas Men's F10 Messi TRX FG Soccer Cleat,2016-08-01,20.0,6,59.99000168
44,adidas Men's F10 Messi TRX FG Soccer Cleat,2016-09-01,45.0,13,59.99000167999999
44,adidas Men's F10 Messi TRX FG Soccer Cleat,2016-10-01,33.0,11,59.990001679999985
44,adidas Men's F10 Messi TRX FG Soccer Cleat,2016-11-01,25.0,7,59.99000167999999
44,adidas Men's F10 Messi TRX FG Soccer Cleat,2016-12-01,36.0,12,59.99000168
44,adidas Men's F10 Messi TRX FG Soccer Cleat,2017-01-01,32.0,13,59.99000167999999
44,adidas Men's F10 Messi TRX FG Soccer Cleat,2017-02-01,17.0,7,59.99000167999999
44,adidas Men's F10 Messi TRX FG Soccer Cleat,2017-03-01,36.0,10,59.99000168
44,adidas Men's F10 Messi TRX FG Soccer Cleat,2017-04-01,36.0,12,59.99000168
58,Diamondback Boys' Insight 24 Performance Hybr,2017-09-01,29.0,29,299.98999019999997
60,SOLE E25 Elliptical,2017-09-01,2.0,2,999.9899902
60,SOLE E25 Elliptical,2017-10-01,8.0,8,999.9899902
61,Diamondback Girls' Clarity 24 Hybrid Bike 201,2017-09-01,28.0,28,299.9899902000001
78,Nike Kids' Grade School KD VI Basketball Shoe,2017-04-01,10.0,3,99.98999786
78,Nike Kids' Grade School KD VI Basketball Shoe,2017-05-01,47.0,18,99.98999785999999
78,Nike Kids' Grade School KD VI Basketball Shoe,2017-06-01,43.0,12,99.98999786
78,Nike Kids' Grade School KD VI Basketball Shoe,2017-07-01,37.0,13,99.98999785999999
78,Nike Kids' Grade School KD VI Basketball Shoe,2017-08-01,33.0,12,99.98999786
78,Nike Kids' Grade School KD VI Basketball Shoe,2017-09-01,16.0,5,99.98999785999999
93,Under Armour Men's Tech II T-Shirt,2015-01-01,31.0,10,24.989999770000004
93,Under Armour Men's Tech II T-Shirt,2015-02-01,20.0,8,24.98999977
93,Under Armour Men's Tech II T-Shirt,2015-03-01,30.0,10,24.989999770000004
93,Under Armour Men's Tech II T-Shirt,2015-04-01,24.0,10,24.98999977
93,Under Armour Men's Tech II T-Shirt,2015-05-01,48.0,14,24.98999977
93,Under Armour Men's Tech II T-Shirt,2015-06-01,19.0,5,24.989999770000004
93,Under Armour Men's Tech II T-Shirt,2015-07-01,36.0,10,24.989999770000004
93,Under Armour Men's Tech II T-Shirt,2015-08-01,39.0,12,24.98999977
93,Under Armour Men's Tech II T-Shirt,2015-09-01,19.0,7,24.98999977
93,Under Armour Men's Tech II T-Shirt,2015-10-01,38.0,14,24.98999977
93,Under Armour Men's Tech II T-Shirt,2015-11-01,15.0,6,24.98999977
93,Under Armour Men's Tech II T-Shirt,2015-12-01,29.0,10,24.989999770000004
93,Under Armour Men's Tech II T-Shirt,2016-01-01,18.0,5,24.98999977
93,Under Armour Men's Tech II T-Shirt,2016-02-01,26.0,7,24.98999977
93,Under Armour Men's Tech II T-Shirt,2016-03-01,35.0,12,24.98999977
93,Under Armour Men's Tech II T-Shirt,2016-04-01,39.0,14,24.98999977
93,Under Armour Men's Tech II T-Shirt,2016-05-01,21.0,6,24.98999977
93,Under Armour Men's Tech II T-Shirt,2016-06-01,34.0,11,24.98999977
93,Under Armour Men's Tech II T-Shirt,2016-07-01,25.0,9,24.98999977
93,Under Armour Men's Tech II T-Shirt,2016-08-01,17.0,6,24.98999977
93,Under Armour Men's Tech II T-Shirt,2016-09-01,25.0,8,24.98999977
93,Under Armour Men's Tech II T-Shirt,2016-10-01,23.0,13,24.98999977
93,Under Armour Men's Tech II T-Shirt,2016-11-01,38.0,11,24.98999977
93,Under Armour Men's Tech II T-Shirt,2016-12-01,48.0,14,24.98999977
93,Under Armour Men's Tech II T-Shirt,2017-01-01,44.0,14,24.98999977
93,Under Armour Men's Tech II T-Shirt,2017-02-01,41.0,14,24.98999977
93,Under Armour Men's Tech II T-Shirt,2017-03-01,39.0,11,24.98999977
93,Under Armour Men's Tech II T-Shirt,2017-04-01,14.0,9,24.98999977
116,Nike Men's Comfort 2 Slide,2015-01-01,44.0,16,44.99000167999999
116,Nike Men's Comfort 2 Slide,2015-02-01,28.0,9,44.990001680000006
116,Nike Men's Comfort 2 Slide,2015-03-01,47.0,15,44.99000167999999
116,Nike Men's Comfort 2 Slide,2015-04-01,24.0,7,44.99000167999999
116,Nike Men's Comfort 2 Slide,2015-05-01,20.0,7,44.99000167999999
116,Nike Men's Comfort 2 Slide,2015-06-01,26.0,10,44.99000168
116,Nike Men's Comfort 2 Slide,2015-07-01,48.0,16,44.99000167999999
116,Nike Men's Comfort 2 Slide,2015-08-01,41.0,13,44.99000167999999
116,Nike Men's Comfort 2 Slide,2015-09-01,38.0,13,44.99000167999999
116,Nike Men's Comfort 2 Slide,2015-10-01,26.0,9,44.99000168
116,Nike Men's Comfort 2 Slide,2015-11-01,37.0,10,44.99000168
116,Nike Men's Comfort 2 Slide,2015-12-01,36.0,14,44.99000167999999
116,Nike Men's Comfort 2 Slide,2016-01-01,28.0,9,44.99000168
116,Nike Men's Comfort 2 Slide,2016-02-01,27.0,13,44.99000167999999
116,Nike Men's Comfort 2 Slide,2016-03-01,37.0,12,44.99000168
116,Nike Men's Comfort 2 Slide,2016-04-01,65.0,18,44.99000167999999
116,Nike Men's Comfort 2 Slide,2016-05-01,30.0,10,44.99000167999999
116,Nike Men's Comfort 2 Slide,2016-06-01,38.0,14,44.99000167999999
116,Nike Men's Comfort 2 Slide,2016-07-01,40.0,14,44.99000167999999
116,Nike Men's Comfort 2 Slide,2016-08-01,27.0,8,44.99000168
116,Nike Men's Comfort 2 Slide,2016-09-01,40.0,13,44.99000167999999
116,Nike Men's Comfort 2 Slide,2016-10-01,25.0,8,44.99000167999999
116,Nike Men's Comfort 2 Slide,2016-11-01,32.0,12,44.99000168
116,Nike Men's Comfort 2 Slide,2016-12-01,43.0,14,44.99000167999999
116,Nike Men's Comfort 2 Slide,2017-01-01,48.0,14,44.99000167999999
116,Nike Men's Comfort 2 Slide,2017-02-01,43.0,13,44.990001679999985
116,Nike Men's Comfort 2 Slide,2017-03-01,30.0,9,44.99000167999999
116,Nike Men's Comfort 2 Slide,2017-04-01,23.0,8,44.99000167999999
127,Stiga Master Series ST3100 Competition Indoor,2017-09-01,27.0,27,329.98999019999997
134,Nike Women's Legend V-Neck T-Shirt,2015-01-01,44.0,16,25.0
134,Nike Women's Legend V-Neck T-Shirt,2015-02-01,9.0,2,25.0
134,Nike Women's Legend V-Neck T-Shirt,2015-03-01,27.0,10,25.0
134,Nike Women's Legend V-Neck T-Shirt,2015-04-01,29.0,9,25.0
134,Nike Women's Legend V-Neck T-Shirt,2015-05-01,43.0,15,25.0
134,Nike Women's Legend V-Neck T-Shirt,2015-06-01,29.0,13,25.0
134,Nike Women's Legend V-Neck T-Shirt,2015-07-01,33.0,9,25.0
134,Nike Women's Legend V-Neck T-Shirt,2015-08-01,33.0,12,25.0
134,Nike Women's Legend V-Neck T-Shirt,2015-09-01,32.0,9,25.0
134,Nike Women's Legend V-Neck T-Shirt,2015-10-01,32.0,9,25.0
134,Nike Women's Legend V-Neck T-Shirt,2015-11-01,24.0,10,25.0
134,Nike Women's Legend V-Neck T-Shirt,2015-12-01,46.0,18,25.0
134,Nike Women's Legend V-Neck T-Shirt,2016-01-01,31.0,12,25.0
134,Nike Women's Legend V-Neck T-Shirt,2016-02-01,9.0,4,25.0
134,Nike Women's Legend V-Neck T-Shirt,2016-03-01,35.0,12,25.0
134,Nike Women's Legend V-Neck T-Shirt,2016-04-01,24.0,9,25.0
134,Nike Women's Legend V-Neck T-Shirt,2016-05-01,24.0,9,25.0
134,Nike Women's Legend V-Neck T-Shirt,2016-06-01,34.0,11,25.0
134,Nike Women's Legend V-Neck T-Shirt,2016-07-01,41.0,14,25.0
134,Nike Women's Legend V-Neck T-Shirt,2016-08-01,38.0,13,25.0
134,Nike Women's Legend V-Neck T-Shirt,2016-09-01,39.0,11,25.0
134,Nike Women's Legend V-Neck T-Shirt,2016-10-01,16.0,6,25.0
134,Nike Women's Legend V-Neck T-Shirt,2016-11-01,32.0,10,25.0
134,Nike Women's Legend V-Neck T-Shirt,2016-12-01,17.0,7,25.0
134,Nike Women's Legend V-Neck T-Shirt,2017-01-01,16.0,6,25.0
134,Nike Women's Legend V-Neck T-Shirt,2017-02-01,31.0,10,25.0
134,Nike Women's Legend V-Neck T-Shirt,2017-03-01,16.0,5,25.0
134,Nike Women's Legend V-Neck T-Shirt,2017-04-01,17.0,8,25.0
135,Nike Dri-FIT Crew Sock 6 Pack,2015-01-01,32.0,10,22.0
135,Nike Dri-FIT Crew Sock 6 Pack,2015-02-01,61.0,20,22.0
135,Nike Dri-FIT Crew Sock 6 Pack,2015-03-01,20.0,7,22.0
135,Nike Dri-FIT Crew Sock 6 Pack,2015-04-01,20.0,7,22.0
135,Nike Dri-FIT Crew Sock 6 Pack,2015-05-01,41.0,16,22.0
135,Nike Dri-FIT Crew Sock 6 Pack,2015-06-01,39.0,13,22.0
135,Nike Dri-FIT Crew Sock 6 Pack,2015-07-01,18.0,8,22.0
135,Nike Dri-FIT Crew Sock 6 Pack,2015-08-01,51.0,15,22.0
135,Nike Dri-FIT Crew Sock 6 Pack,2015-09-01,29.0,10,22.0
135,Nike Dri-FIT Crew Sock 6 Pack,2015-10-01,34.0,12,22.0
135,Nike Dri-FIT Crew Sock 6 Pack,2015-11-01,32.0,10,22.0
135,Nike Dri-FIT Crew Sock 6 Pack,2015-12-01,40.0,11,22.0
135,Nike Dri-FIT Crew Sock 6 Pack,2016-01-01,49.0,16,22.0
135,Nike Dri-FIT Crew Sock 6 Pack,2016-02-01,25.0,10,22.0
135,Nike Dri-FIT Crew Sock 6 Pack,2016-03-01,19.0,9,22.0
135,Nike Dri-FIT Crew Sock 6 Pack,2016-04-01,15.0,8,22.0
135,Nike Dri-FIT Crew Sock 6 Pack,2016-05-01,40.0,12,22.0
135,Nike Dri-FIT Crew Sock 6 Pack,2016-06-01,34.0,9,22.0
135,Nike Dri-FIT Crew Sock 6 Pack,2016-07-01,31.0,13,22.0
135,Nike Dri-FIT Crew Sock 6 Pack,2016-08-01,33.0,13,22.0
135,Nike Dri-FIT Crew Sock 6 Pack,2016-09-01,15.0,6,22.0
135,Nike Dri-FIT Crew Sock 6 Pack,2016-10-01,33.0,14,22.0
135,Nike Dri-FIT Crew Sock 6 Pack,2016-11-01,30.0,10,22.0
135,Nike Dri-FIT Crew Sock 6 Pack,2016-12-01,42.0,14,22.0
135,Nike Dri-FIT Crew Sock 6 Pack,2017-01-01,20.0,7,22.0
135,Nike Dri-FIT Crew Sock 6 Pack,2017-02-01,31.0,12,22.0
135,Nike Dri-FIT Crew Sock 6 Pack,2017-03-01,39.0,12,22.0
135,Nike Dri-FIT Crew Sock 6 Pack,2017-04-01,10.0,4,22.0
172,Nike Women's Tempo Shorts,2015-01-01,50.0,17,30.0
172,Nike Women's Tempo Shorts,2015-02-01,32.0,8,30.0
172,Nike Women's Tempo Shorts,2015-03-01,25.0,11,30.0
172,Nike Women's Tempo Shorts,2015-04-01,41.0,14,30.0
172,Nike Women's Tempo Shorts,2015-05-01,40.0,13,30.0
172,Nike Women's Tempo Shorts,2015-06-01,33.0,12,30.0
172,Nike Women's Tempo Shorts,2015-07-01,37.0,15,30.0
172,Nike Women's Tempo Shorts,2015-08-01,31.0,12,30.0
172,Nike Women's Tempo Shorts,2015-09-01,40.0,12,30.0
172,Nike Women's Tempo Shorts,2015-10-01,39.0,13,30.0
172,Nike Women's Tempo Shorts,2015-11-01,14.0,8,30.0
172,Nike Women's Tempo Shorts,2015-12-01,24.0,8,30.0
172,Nike Women's Tempo Shorts,2016-01-01,30.0,7,30.0
172,Nike Women's Tempo Shorts,2016-02-01,37.0,13,30.0
172,Nike Women's Tempo Shorts,2016-03-01,31.0,9,30.0
172,Nike Women's Tempo Shorts,2016-04-01,18.0,7,30.0
172,Nike Women's Tempo Shorts,2016-05-01,24.0,8,30.0
172,Nike Women's Tempo Shorts,2016-06-01,33.0,12,30.0
172,Nike Women's Tempo Shorts,2016-07-01,25.0,11,30.0
172,Nike Women's Tempo Shorts,2016-08-01,37.0,15,30.0
172,Nike Women's Tempo Shorts,2016-09-01,18.0,7,30.0
172,Nike Women's Tempo Shorts,2016-10-01,65.0,21,30.0
172,Nike Women's Tempo Shorts,2016-11-01,24.0,9,30.0
172,Nike Women's Tempo Shorts,2016-12-01,26.0,10,30.0
172,Nike Women's Tempo Shorts,2017-01-01,42.0,14,30.0
172,Nike Women's Tempo Shorts,2017-02-01,12.0,4,30.0
172,Nike Women's Tempo Shorts,2017-03-01,58.0,19,30.0
172,Nike Women's Tempo Shorts,2017-04-01,21.0,9,30.0
191,Nike Men's Free 5.0+ Running Shoe,2015-01-01,1138.0,400,99.98999786000027
191,Nike Men's Free 5.0+ Running Shoe,2015-02-01,946.0,315,99.98999786000019
191,Nike Men's Free 5.0+ Running Shoe,2015-03-01,1120.0,385,99.98999786000026
191,Nike Men's Free 5.0+ Running Shoe,2015-04-01,1021.0,340,99.98999786000022
191,Nike Men's Free 5.0+ Running Shoe,2015-05-01,1371.0,448,99.98999786000032
191,Nike Men's Free 5.0+ Running Shoe,2015-06-01,1238.0,421,99.98999786000029
191,Nike Men's Free 5.0+ Running Shoe,2015-07-01,1073.0,366,99.98999786000024
191,Nike Men's Free 5.0+ Running Shoe,2015-08-01,1117.0,363,99.98999786000024
191,Nike Men's Free 5.0+ Running Shoe,2015-09-01,1104.0,365,99.98999786000024
191,Nike Men's Free 5.0+ Running Shoe,2015-10-01,1235.0,402,99.98999786000027
191,Nike Men's Free 5.0+ Running Shoe,2015-11-01,1075.0,359,99.98999786000024
191,Nike Men's Free 5.0+ Running Shoe,2015-12-01,1138.0,367,99.98999786000024
191,Nike Men's Free 5.0+ Running Shoe,2016-01-01,1172.0,395,99.98999786000027
191,Nike Men's Free 5.0+ Running Shoe,2016-02-01,1007.0,342,99.98999786000023
191,Nike Men's Free 5.0+ Running Shoe,2016-03-01,1067.0,357,99.98999786000024
191,Nike Men's Free 5.0+ Running Shoe,2016-04-01,1098.0,355,99.98999786000023
191,Nike Men's Free 5.0+ Running Shoe,2016-05-01,948.0,317,99.9899978600002
191,Nike Men's Free 5.0+ Running Shoe,2016-06-01,1048.0,348,99.98999786000023
191,Nike Men's Free 5.0+ Running Shoe,2016-07-01,1120.0,364,99.98999786000024
191,Nike Men's Free 5.0+ Running Shoe,2016-08-01,1146.0,391,99.98999786000027
191,Nike Men's Free 5.0+ Running Shoe,2016-09-01,1022.0,341,99.98999786000022
191,Nike Men's Free 5.0+ Running Shoe,2016-10-01,1006.0,346,99.98999786000023
191,Nike Men's Free 5.0+ Running Shoe,2016-11-01,1183.0,373,99.98999786000026
191,Nike Men's Free 5.0+ Running Shoe,2016-12-01,1165.0,384,99.98999786000026
191,Nike Men's Free 5.0+ Running Shoe,2017-01-01,1209.0,389,99.98999786000027
191,Nike Men's Free 5.0+ Running Shoe,2017-02-01,1232.0,394,99.98999786000027
191,Nike Men's Free 5.0+ Running Shoe,2017-03-01,1050.0,342,99.98999786000023
191,Nike Men's Free 5.0+ Running Shoe,2017-04-01,1086.0,346,99.98999786000023
191,Nike Men's Free 5.0+ Running Shoe,2017-05-01,1083.0,360,99.98999786000024
191,Nike Men's Free 5.0+ Running Shoe,2017-06-01,999.0,325,99.9899978600002
191,Nike Men's Free 5.0+ Running Shoe,2017-07-01,1148.0,390,99.98999786000027
191,Nike Men's Free 5.0+ Running Shoe,2017-08-01,1154.0,377,99.98999786000026
191,Nike Men's Free 5.0+ Running Shoe,2017-09-01,1097.0,380,99.98999786000026
191,Nike Men's Free 5.0+ Running Shoe,2017-10-01,64.0,22,99.98999785999999
203,GoPro HERO3+ Black Edition Camera,2017-09-01,32.0,32,399.98999019999997
208,SOLE E35 Elliptical,2017-09-01,6.0,6,1999.98999
208,SOLE E35 Elliptical,2017-10-01,9.0,9,1999.9899900000003
216,Yakima DoubleDown Ace Hitch Mount 4-Bike Rack,2017-04-01,4.0,4,189.0
216,Yakima DoubleDown Ace Hitch Mount 4-Bike Rack,2017-05-01,7.0,7,189.0
216,Yakima DoubleDown Ace Hitch Mount 4-Bike Rack,2017-06-01,13.0,13,189.0
216,Yakima DoubleDown Ace Hitch Mount 4-Bike Rack,2017-07-01,14.0,14,189.0
216,Yakima DoubleDown Ace Hitch Mount 4-Bike Rack,2017-08-01,22.0,22,189.0
216,Yakima DoubleDown Ace Hitch Mount 4-Bike Rack,2017-09-01,4.0,4,189.0
226,Bowflex SelectTech 1090 Dumbbells,2017-09-01,7.0,7,599.9899902
226,Bowflex SelectTech 1090 Dumbbells,2017-10-01,3.0,3,599.9899902
235,Under Armour Hustle Storm Medium Duffle Bag,2015-01-01,39.0,13,34.99000167999999
235,Under Armour Hustle Storm Medium Duffle Bag,2015-02-01,13.0,7,34.99000168
235,Under Armour Hustle Storm Medium Duffle Bag,2015-03-01,18.0,9,34.990001680000006
235,Under Armour Hustle Storm Medium Duffle Bag,2015-04-01,66.0,21,34.99000167999999
235,Under Armour Hustle Storm Medium Duffle Bag,2015-05-01,28.0,10,34.99000168
235,Under Armour Hustle Storm Medium Duffle Bag,2015-06-01,37.0,10,34.99000168
235,Under Armour Hustle Storm Medium Duffle Bag,2015-07-01,23.0,6,34.99000168
235,Under Armour Hustle Storm Medium Duffle Bag,2015-08-01,31.0,11,34.99000168
235,Under Armour Hustle Storm Medium Duffle Bag,2015-09-01,29.0,11,34.99000168
235,Under Armour Hustle Storm Medium Duffle Bag,2015-10-01,46.0,16,34.99000167999999
235,Under Armour Hustle Storm Medium Duffle Bag,2015-11-01,37.0,15,34.99000168
235,Under Armour Hustle Storm Medium Duffle Bag,2015-12-01,28.0,11,34.99000168
235,Under Armour Hustle Storm Medium Duffle Bag,2016-01-01,30.0,14,34.99000167999999
235,Under Armour Hustle Storm Medium Duffle Bag,2016-02-01,18.0,8,34.99000168
235,Under Armour Hustle Storm Medium Duffle Bag,2016-03-01,20.0,10,34.99000167999999
235,Under Armour Hustle Storm Medium Duffle Bag,2016-04-01,31.0,10,34.99000168
235,Under Armour Hustle Storm Medium Duffle Bag,2016-05-01,42.0,13,34.990001680000006
235,Under Armour Hustle Storm Medium Duffle Bag,2016-06-01,16.0,6,34.99000168
235,Under Armour Hustle Storm Medium Duffle Bag,2016-07-01,27.0,8,34.99000168
235,Under Armour Hustle Storm Medium Duffle Bag,2016-08-01,41.0,16,34.99000168
235,Under Armour Hustle Storm Medium Duffle Bag,2016-09-01,29.0,8,34.99000168
235,Under Armour Hustle Storm Medium Duffle Bag,2016-10-01,28.0,9,34.990001680000006
235,Under Armour Hustle Storm Medium Duffle Bag,2016-11-01,29.0,10,34.99000168
235,Under Armour Hustle Storm Medium Duffle Bag,2016-12-01,39.0,13,34.99000168
235,Under Armour Hustle Storm Medium Duffle Bag,2017-01-01,29.0,11,34.99000168
235,Under Armour Hustle Storm Medium Duffle Bag,2017-02-01,24.0,9,34.990001680000006
235,Under Armour Hustle Storm Medium Duffle Bag,2017-03-01,39.0,11,34.99000168
235,Under Armour Hustle Storm Medium Duffle Bag,2017-04-01,9.0,3,34.99000168
249,Under Armour Women's Micro G Skulpt Running S,2015-01-01,24.0,8,54.97000122
249,Under Armour Women's Micro G Skulpt Running S,2015-02-01,9.0,4,54.97000122
249,Under Armour Women's Micro G Skulpt Running S,2015-03-01,37.0,13,54.970001219999986
249,Under Armour Women's Micro G Skulpt Running S,2015-04-01,39.0,13,54.970001219999986
249,Under Armour Women's Micro G Skulpt Running S,2015-05-01,34.0,12,54.97000121999999
249,Under Armour Women's Micro G Skulpt Running S,2015-06-01,22.0,7,54.97000122000001
249,Under Armour Women's Micro G Skulpt Running S,2015-07-01,13.0,5,54.97000121999999
249,Under Armour Women's Micro G Skulpt Running S,2015-08-01,22.0,9,54.97000122
249,Under Armour Women's Micro G Skulpt Running S,2015-09-01,31.0,9,54.97000122
249,Under Armour Women's Micro G Skulpt Running S,2015-10-01,34.0,13,54.970001219999986
249,Under Armour Women's Micro G Skulpt Running S,2015-11-01,26.0,11,54.97000121999999
249,Under Armour Women's Micro G Skulpt Running S,2015-12-01,37.0,13,54.97000121999998
249,Under Armour Women's Micro G Skulpt Running S,2016-01-01,29.0,10,54.97000121999999
249,Under Armour Women's Micro G Skulpt Running S,2016-02-01,30.0,10,54.97000121999999
249,Under Armour Women's Micro G Skulpt Running S,2016-03-01,20.0,8,54.97000121999999
249,Under Armour Women's Micro G Skulpt Running S,2016-04-01,14.0,5,54.97000121999999
249,Under Armour Women's Micro G Skulpt Running S,2016-05-01,37.0,12,54.97000121999999
249,Under Armour Women's Micro G Skulpt Running S,2016-06-01,27.0,11,54.97000121999999
249,Under Armour Women's Micro G Skulpt Running S,2016-07-01,41.0,14,54.970001219999986
249,Under Armour Women's Micro G Skulpt Running S,2016-08-01,43.0,15,54.970001219999986
249,Under Armour Women's Micro G Skulpt Running S,2016-09-01,27.0,8,54.97000122
249,Under Armour Women's Micro G Skulpt Running S,2016-10-01,39.0,14,54.970001219999986
249,Under Armour Women's Micro G Skulpt Running S,2016-11-01,61.0,17,54.970001219999986
249,Under Armour Women's Micro G Skulpt Running S,2016-12-01,28.0,9,54.97000122
249,Under Armour Women's Micro G Skulpt Running S,2017-01-01,36.0,11,54.97000121999999
249,Under Armour Women's Micro G Skulpt Running S,2017-02-01,33.0,10,54.97000121999999
249,Under Armour Women's Micro G Skulpt Running S,2017-03-01,28.0,9,54.97000122
249,Under Armour Women's Micro G Skulpt Running S,2017-04-01,26.0,7,54.97000122000001
251,Brooks Women's Ghost 6 Running Shoe,2017-04-01,13.0,4,89.98999786
251,Brooks Women's Ghost 6 Running Shoe,2017-05-01,43.0,11,89.98999786
251,Brooks Women's Ghost 6 Running Shoe,2017-06-01,56.0,17,89.98999786
251,Brooks Women's Ghost 6 Running Shoe,2017-07-01,37.0,14,89.98999786
251,Brooks Women's Ghost 6 Running Shoe,2017-08-01,45.0,14,89.98999786
251,Brooks Women's Ghost 6 Running Shoe,2017-09-01,18.0,6,89.98999786
258,Nike Women's Free 5.0 TR FIT PRT 4 Training S,2017-04-01,10.0,3,94.98999786
258,Nike Women's Free 5.0 TR FIT PRT 4 Training S,2017-05-01,27.0,10,94.98999786
258,Nike Women's Free 5.0 TR FIT PRT 4 Training S,2017-06-01,41.0,15,94.98999785999999
258,Nike Women's Free 5.0 TR FIT PRT 4 Training S,2017-07-01,42.0,16,94.98999786
258,Nike Women's Free 5.0 TR FIT PRT 4 Training S,2017-08-01,57.0,19,94.98999786000002
258,Nike Women's Free 5.0 TR FIT PRT 4 Training S,2017-09-01,29.0,7,94.98999786
273,Under Armour Kids' Mercenary Slide,2015-01-01,20.0,8,27.98999977
273,Under Armour Kids' Mercenary Slide,2015-02-01,29.0,8,27.98999977
273,Under Armour Kids' Mercenary Slide,2015-03-01,46.0,13,27.98999977
273,Under Armour Kids' Mercenary Slide,2015-04-01,22.0,7,27.98999977
273,Under Armour Kids' Mercenary Slide,2015-05-01,50.0,17,27.98999977
273,Under Armour Kids' Mercenary Slide,2015-06-01,30.0,10,27.989999770000004
273,Under Armour Kids' Mercenary Slide,2015-07-01,33.0,10,27.989999770000004
273,Under Armour Kids' Mercenary Slide,2015-08-01,25.0,7,27.98999977
273,Under Armour Kids' Mercenary Slide,2015-09-01,25.0,8,27.989999770000004
273,Under Armour Kids' Mercenary Slide,2015-10-01,32.0,9,27.989999770000004
273,Under Armour Kids' Mercenary Slide,2015-11-01,23.0,8,27.98999977
273,Under Armour Kids' Mercenary Slide,2015-12-01,25.0,8,27.98999977
273,Under Armour Kids' Mercenary Slide,2016-01-01,29.0,9,27.98999977
273,Under Armour Kids' Mercenary Slide,2016-02-01,39.0,12,27.98999977
273,Under Armour Kids' Mercenary Slide,2016-03-01,36.0,11,27.98999977
273,Under Armour Kids' Mercenary Slide,2016-04-01,26.0,9,27.989999770000004
273,Under Armour Kids' Mercenary Slide,2016-05-01,51.0,14,27.98999977
273,Under Armour Kids' Mercenary Slide,2016-06-01,18.0,6,27.98999977
273,Under Armour Kids' Mercenary Slide,2016-07-01,14.0,6,27.98999977
273,Under Armour Kids' Mercenary Slide,2016-08-01,11.0,5,27.989999770000004
273,Under Armour Kids' Mercenary Slide,2016-09-01,31.0,10,27.989999770000004
273,Under Armour Kids' Mercenary Slide,2016-10-01,20.0,8,27.98999977
273,Under Armour Kids' Mercenary Slide,2016-11-01,33.0,8,27.989999770000004
273,Under Armour Kids' Mercenary Slide,2016-12-01,35.0,12,27.98999977
273,Under Armour Kids' Mercenary Slide,2017-01-01,24.0,7,27.98999977
273,Under Armour Kids' Mercenary Slide,2017-02-01,22.0,7,27.98999977
273,Under Armour Kids' Mercenary Slide,2017-03-01,17.0,7,27.98999977
273,Under Armour Kids' Mercenary Slide,2017-04-01,29.0,7,27.98999977
276,Under Armour Women's Ignite Slide,2015-01-01,37.0,12,31.98999977
276,Under Armour Women's Ignite Slide,2015-02-01,24.0,8,31.989999770000004
276,Under Armour Women's Ignite Slide,2015-03-01,42.0,14,31.989999770000004
276,Under Armour Women's Ignite Slide,2015-04-01,24.0,8,31.98999977
276,Under Armour Women's Ignite Slide,2015-05-01,28.0,11,31.98999977
276,Under Armour Women's Ignite Slide,2015-06-01,18.0,9,31.989999770000004
276,Under Armour Women's Ignite Slide,2015-07-01,30.0,12,31.98999977
276,Under Armour Women's Ignite Slide,2015-08-01,59.0,18,31.989999770000004
276,Under Armour Women's Ignite Slide,2015-09-01,22.0,7,31.98999977
276,Under Armour Women's Ignite Slide,2015-10-01,16.0,6,31.98999977
276,Under Armour Women's Ignite Slide,2015-11-01,65.0,25,31.989999770000004
276,Under Armour Women's Ignite Slide,2015-12-01,60.0,19,31.98999977
276,Under Armour Women's Ignite Slide,2016-01-01,30.0,10,31.989999770000004
276,Under Armour Women's Ignite Slide,2016-02-01,36.0,11,31.98999977
276,Under Armour Women's Ignite Slide,2016-03-01,41.0,14,31.98999977
276,Under Armour Women's Ignite Slide,2016-04-01,29.0,10,31.989999770000004
276,Under Armour Women's Ignite Slide,2016-05-01,23.0,9,31.989999770000004
276,Under Armour Women's Ignite Slide,2016-06-01,11.0,5,31.989999770000004
276,Under Armour Women's Ignite Slide,2016-07-01,36.0,11,31.98999977
276,Under Armour Women's Ignite Slide,2016-08-01,46.0,14,31.98999977
276,Under Armour Women's Ignite Slide,2016-09-01,42.0,15,31.98999977
276,Under Armour Women's Ignite Slide,2016-10-01,58.0,17,31.98999977
276,Under Armour Women's Ignite Slide,2016-11-01,27.0,9,31.989999770000004
276,Under Armour Women's Ignite Slide,2016-12-01,29.0,7,31.98999977
276,Under Armour Women's Ignite Slide,2017-01-01,9.0,3,31.98999977
276,Under Armour Women's Ignite Slide,2017-02-01,21.0,8,31.98999977
276,Under Armour Women's Ignite Slide,2017-03-01,34.0,10,31.989999770000004
276,Under Armour Women's Ignite Slide,2017-04-01,22.0,9,31.989999770000004
278,Under Armour Men's Compression EV SL Slide,2015-01-01,25.0,9,44.99000168
278,Under Armour Men's Compression EV SL Slide,2015-02-01,31.0,9,44.99000168
278,Under Armour Men's Compression EV SL Slide,2015-03-01,34.0,11,44.99000167999999
278,Under Armour Men's Compression EV SL Slide,2015-04-01,29.0,9,44.99000168
278,Under Armour Men's Compression EV SL Slide,2015-05-01,35.0,14,44.99000167999999
278,Under Armour Men's Compression EV SL Slide,2015-06-01,54.0,15,44.99000167999999
278,Under Armour Men's Compression EV SL Slide,2015-07-01,41.0,16,44.99000167999999
278,Under Armour Men's Compression EV SL Slide,2015-08-01,29.0,12,44.99000168
278,Under Armour Men's Compression EV SL Slide,2015-09-01,30.0,10,44.99000168
278,Under Armour Men's Compression EV SL Slide,2015-10-01,18.0,8,44.99000168
278,Under Armour Men's Compression EV SL Slide,2015-11-01,31.0,13,44.99000167999999
278,Under Armour Men's Compression EV SL Slide,2015-12-01,55.0,19,44.99000167999999
278,Under Armour Men's Compression EV SL Slide,2016-01-01,33.0,10,44.99000168
278,Under Armour Men's Compression EV SL Slide,2016-02-01,28.0,10,44.99000167999999
278,Under Armour Men's Compression EV SL Slide,2016-03-01,17.0,4,44.99000168
278,Under Armour Men's Compression EV SL Slide,2016-04-01,23.0,7,44.99000167999999
278,Under Armour Men's Compression EV SL Slide,2016-05-01,27.0,10,44.99000167999999
278,Under Armour Men's Compression EV SL Slide,2016-06-01,29.0,10,44.99000167999999
278,Under Armour Men's Compression EV SL Slide,2016-07-01,13.0,6,44.99000168
278,Under Armour Men's Compression EV SL Slide,2016-08-01,20.0,7,44.99000167999999
278,Under Armour Men's Compression EV SL Slide,2016-09-01,26.0,11,44.99000168
278,Under Armour Men's Compression EV SL Slide,2016-10-01,36.0,12,44.99000168
278,Under Armour Men's Compression EV SL Slide,2016-11-01,25.0,8,44.99000168
278,Under Armour Men's Compression EV SL Slide,2016-12-01,37.0,11,44.99000168
278,Under Armour Men's Compression EV SL Slide,2017-01-01,22.0,6,44.99000168
278,Under Armour Men's Compression EV SL Slide,2017-02-01,18.0,6,44.99000168
278,Under Armour Men's Compression EV SL Slide,2017-03-01,28.0,8,44.99000168
278,Under Armour Men's Compression EV SL Slide,2017-04-01,19.0,9,44.990001680000006
282,Under Armour Women's Ignite PIP VI Slide,2015-01-01,33.0,9,31.989999770000004
282,Under Armour Women's Ignite PIP VI Slide,2015-02-01,33.0,13,31.98999977
282,Under Armour Women's Ignite PIP VI Slide,2015-03-01,28.0,10,31.989999770000004
282,Under Armour Women's Ignite PIP VI Slide,2015-04-01,27.0,11,31.98999977
282,Under Armour Women's Ignite PIP VI Slide,2015-05-01,12.0,4,31.98999977
282,Under Armour Women's Ignite PIP VI Slide,2015-06-01,30.0,10,31.989999770000004
282,Under Armour Women's Ignite PIP VI Slide,2015-07-01,46.0,11,31.98999977
282,Under Armour Women's Ignite PIP VI Slide,2015-08-01,39.0,12,31.98999977
282,Under Armour Women's Ignite PIP VI Slide,2015-09-01,44.0,16,31.989999770000004
282,Under Armour Women's Ignite PIP VI Slide,2015-10-01,40.0,13,31.98999977
282,Under Armour Women's Ignite PIP VI Slide,2015-11-01,35.0,13,31.98999977
282,Under Armour Women's Ignite PIP VI Slide,2015-12-01,24.0,8,31.98999977
282,Under Armour Women's Ignite PIP VI Slide,2016-01-01,32.0,10,31.989999770000004
282,Under Armour Women's Ignite PIP VI Slide,2016-02-01,26.0,10,31.989999770000004
282,Under Armour Women's Ignite PIP VI Slide,2016-03-01,19.0,7,31.98999977
282,Under Armour Women's Ignite PIP VI Slide,2016-04-01,18.0,5,31.989999770000004
282,Under Armour Women's Ignite PIP VI Slide,2016-05-01,26.0,9,31.989999770000004
282,Under Armour Women's Ignite PIP VI Slide,2016-06-01,51.0,18,31.989999770000004
282,Under Armour Women's Ignite PIP VI Slide,2016-07-01,49.0,17,31.98999977
282,Under Armour Women's Ignite PIP VI Slide,2016-08-01,43.0,13,31.98999977
282,Under Armour Women's Ignite PIP VI Slide,2016-09-01,31.0,10,31.989999770000004
282,Under Armour Women's Ignite PIP VI Slide,2016-10-01,21.0,6,31.98999977
282,Under Armour Women's Ignite PIP VI Slide,2016-11-01,17.0,7,31.98999977
282,Under Armour Women's Ignite PIP VI Slide,2016-12-01,32.0,11,31.98999977
282,Under Armour Women's Ignite PIP VI Slide,2017-01-01,20.0,7,31.98999977
282,Under Armour Women's Ignite PIP VI Slide,2017-02-01,33.0,11,31.98999977
282,Under Armour Women's Ignite PIP VI Slide,2017-03-01,16.0,6,31.98999977
282,Under Armour Women's Ignite PIP VI Slide,2017-04-01,23.0,8,31.98999977
295,Fitbit The One Wireless Activity & Sleep Trac,2017-04-01,8.0,3,99.94999695
295,Fitbit The One Wireless Activity & Sleep Trac,2017-05-01,33.0,11,99.94999695
295,Fitbit The One Wireless Activity & Sleep Trac,2017-06-01,30.0,10,99.94999694999998
295,Fitbit The One Wireless Activity & Sleep Trac,2017-07-01,42.0,14,99.94999695
295,Fitbit The One Wireless Activity & Sleep Trac,2017-08-01,51.0,16,99.94999695
295,Fitbit The One Wireless Activity & Sleep Trac,2017-09-01,23.0,8,99.94999695
303,Garmin Forerunner 910XT GPS Watch,2017-09-01,35.0,35,399.98999019999997
305,Mio ALPHA Heart Rate Monitor/Sport Watch,2017-04-01,3.0,3,199.0
305,Mio ALPHA Heart Rate Monitor/Sport Watch,2017-05-01,18.0,18,199.0
305,Mio ALPHA Heart Rate Monitor/Sport Watch,2017-06-01,12.0,12,199.0
305,Mio ALPHA Heart Rate Monitor/Sport Watch,2017-07-01,17.0,17,199.0
305,Mio ALPHA Heart Rate Monitor/Sport Watch,2017-08-01,10.0,10,199.0
305,Mio ALPHA Heart Rate Monitor/Sport Watch,2017-09-01,7.0,7,199.0
306,Polar FT4 Heart Rate Monitor,2017-04-01,7.0,3,89.98999786
306,Polar FT4 Heart Rate Monitor,2017-05-01,45.0,13,89.98999786
306,Polar FT4 Heart Rate Monitor,2017-06-01,61.0,16,89.98999786
306,Polar FT4 Heart Rate Monitor,2017-07-01,15.0,6,89.98999786
306,Polar FT4 Heart Rate Monitor,2017-08-01,50.0,16,89.98999786
306,Polar FT4 Heart Rate Monitor,2017-09-01,18.0,6,89.98999786
311,Polar Loop Activity Tracker,2017-04-01,4.0,4,109.9499969
311,Polar Loop Activity Tracker,2017-05-01,11.0,11,109.9499969
311,Polar Loop Activity Tracker,2017-06-01,10.0,10,109.9499969
311,Polar Loop Activity Tracker,2017-07-01,12.0,12,109.94999689999999
311,Polar Loop Activity Tracker,2017-08-01,13.0,13,109.9499969
311,Polar Loop Activity Tracker,2017-09-01,4.0,4,109.9499969
359,Nike Men's Free TR 5.0 TB Training Shoe,2017-04-01,9.0,2,99.98999786
359,Nike Men's Free TR 5.0 TB Training Shoe,2017-05-01,49.0,18,99.98999786
359,Nike Men's Free TR 5.0 TB Training Shoe,2017-06-01,28.0,10,99.98999786
359,Nike Men's Free TR 5.0 TB Training Shoe,2017-07-01,62.0,19,99.98999786
359,Nike Men's Free TR 5.0 TB Training Shoe,2017-08-01,45.0,15,99.98999786
359,Nike Men's Free TR 5.0 TB Training Shoe,2017-09-01,13.0,4,99.98999786
364,Total Gym 1400,2017-09-01,36.0,36,299.98999019999997
365,Perfect Fitness Perfect Rip Deck,2015-01-01,2390.0,802,59.9900016799996
365,Perfect Fitness Perfect Rip Deck,2015-02-01,2005.0,660,59.990001679999864
365,Perfect Fitness Perfect Rip Deck,2015-03-01,2355.0,773,59.990001679999644
365,Perfect Fitness Perfect Rip Deck,2015-04-01,2187.0,726,59.99000167999973
365,Perfect Fitness Perfect Rip Deck,2015-05-01,2220.0,750,59.990001679999686
365,Perfect Fitness Perfect Rip Deck,2015-06-01,2142.0,722,59.990001679999736
365,Perfect Fitness Perfect Rip Deck,2015-07-01,2274.0,748,59.990001679999686
365,Perfect Fitness Perfect Rip Deck,2015-08-01,2411.0,801,59.9900016799996
365,Perfect Fitness Perfect Rip Deck,2015-09-01,2177.0,726,59.99000167999973
365,Perfect Fitness Perfect Rip Deck,2015-10-01,2171.0,732,59.990001679999715
365,Perfect Fitness Perfect Rip Deck,2015-11-01,2205.0,733,59.99000167999971
365,Perfect Fitness Perfect Rip Deck,2015-12-01,2218.0,742,59.9900016799997
365,Perfect Fitness Perfect Rip Deck,2016-01-01,2188.0,748,59.990001679999686
365,Perfect Fitness Perfect Rip Deck,2016-02-01,2047.0,674,59.990001679999835
365,Perfect Fitness Perfect Rip Deck,2016-03-01,2401.0,798,59.99000167999961
365,Perfect Fitness Perfect Rip Deck,2016-04-01,2225.0,739,59.99000167999971
365,Perfect Fitness Perfect Rip Deck,2016-05-01,2432.0,802,59.9900016799996
365,Perfect Fitness Perfect Rip Deck,2016-06-01,2181.0,728,59.99000167999972
365,Perfect Fitness Perfect Rip Deck,2016-07-01,2228.0,728,59.99000167999972
365,Perfect Fitness Perfect Rip Deck,2016-08-01,2311.0,761,59.990001679999665
365,Perfect Fitness Perfect Rip Deck,2016-09-01,2224.0,755,59.99000167999968
365,Perfect Fitness Perfect Rip Deck,2016-10-01,2278.0,753,59.99000167999968
365,Perfect Fitness Perfect Rip Deck,2016-11-01,2260.0,737,59.9900016799997
365,Perfect Fitness Perfect Rip Deck,2016-12-01,2361.0,771,59.99000167999966
365,Perfect Fitness Perfect Rip Deck,2017-01-01,2270.0,757,59.99000167999967
365,Perfect Fitness Perfect Rip Deck,2017-02-01,2136.0,696,59.990001679999786
365,Perfect Fitness Perfect Rip Deck,2017-03-01,2215.0,756,59.99000167999968
365,Perfect Fitness Perfect Rip Deck,2017-04-01,2224.0,743,59.9900016799997
365,Perfect Fitness Perfect Rip Deck,2017-05-01,2218.0,733,59.99000167999971
365,Perfect Fitness Perfect Rip Deck,2017-06-01,1934.0,653,59.99000167999985
365,Perfect Fitness Perfect Rip Deck,2017-07-01,2305.0,783,59.99000167999964
365,Perfect Fitness Perfect Rip Deck,2017-08-01,2313.0,754,59.99000167999968
365,Perfect Fitness Perfect Rip Deck,2017-09-01,2072.0,694,59.99000167999979
365,Perfect Fitness Perfect Rip Deck,2017-10-01,120.0,37,59.990001679999985
403,Nike Men's CJ Elite 2 TD Football Cleat,2015-01-01,620.0,620,129.99000550000056
403,Nike Men's CJ Elite 2 TD Football Cleat,2015-02-01,642.0,642,129.99000550000062
403,Nike Men's CJ Elite 2 TD Football Cleat,2015-03-01,618.0,618,129.99000550000065
403,Nike Men's CJ Elite 2 TD Football Cleat,2015-04-01,653.0,653,129.99000550000073
403,Nike Men's CJ Elite 2 TD Football Cleat,2015-05-01,644.0,644,129.99000550000082
403,Nike Men's CJ Elite 2 TD Football Cleat,2015-06-01,666.0,666,129.99000550000088
403,Nike Men's CJ Elite 2 TD Football Cleat,2015-07-01,664.0,664,129.990005500001
403,Nike Men's CJ Elite 2 TD Football Cleat,2015-08-01,688.0,688,129.99000550000085
403,Nike Men's CJ Elite 2 TD Football Cleat,2015-09-01,678.0,678,129.99000550000088
403,Nike Men's CJ Elite 2 TD Football Cleat,2015-10-01,677.0,677,129.99000550000085
403,Nike Men's CJ Elite 2 TD Football Cleat,2015-11-01,661.0,661,129.9900055000008
403,Nike Men's CJ Elite 2 TD Football Cleat,2015-12-01,721.0,721,129.99000550000093
403,Nike Men's CJ Elite 2 TD Football Cleat,2016-01-01,683.0,683,129.9900055000008
403,Nike Men's CJ Elite 2 TD Football Cleat,2016-02-01,635.0,635,129.9900055000007
403,Nike Men's CJ Elite 2 TD Football Cleat,2016-03-01,675.0,675,129.99000550000073
403,Nike Men's CJ Elite 2 TD Football Cleat,2016-04-01,683.0,683,129.99000550000082
403,Nike Men's CJ Elite 2 TD Football Cleat,2016-05-01,677.0,677,129.99000550000082
403,Nike Men's CJ Elite 2 TD Football Cleat,2016-06-01,672.0,672,129.99000550000082
403,Nike Men's CJ Elite 2 TD Football Cleat,2016-07-01,687.0,687,129.99000550000088
403,Nike Men's CJ Elite 2 TD Football Cleat,2016-08-01,725.0,725,129.99000550000093
403,Nike Men's CJ Elite 2 TD Football Cleat,2016-09-01,684.0,684,129.99000550000088
403,Nike Men's CJ Elite 2 TD Football Cleat,2016-10-01,725.0,725,129.990005500001
403,Nike Men's CJ Elite 2 TD Football Cleat,2016-11-01,656.0,656,129.99000550000085
403,Nike Men's CJ Elite 2 TD Football Cleat,2016-12-01,686.0,686,129.9900055000008
403,Nike Men's CJ Elite 2 TD Football Cleat,2017-01-01,663.0,663,129.9900055000007
403,Nike Men's CJ Elite 2 TD Football Cleat,2017-02-01,579.0,579,129.9900055000005
403,Nike Men's CJ Elite 2 TD Football Cleat,2017-03-01,726.0,726,129.99000550000093
403,Nike Men's CJ Elite 2 TD Football Cleat,2017-04-01,664.0,664,129.9900055000007
403,Nike Men's CJ Elite 2 TD Football Cleat,2017-05-01,740.0,740,129.990005500001
403,Nike Men's CJ Elite 2 TD Football Cleat,2017-06-01,675.0,675,129.99000550000076
403,Nike Men's CJ Elite 2 TD Football Cleat,2017-07-01,707.0,707,129.99000550000088
403,Nike Men's CJ Elite 2 TD Football Cleat,2017-08-01,678.0,678,129.9900055000008
403,Nike Men's CJ Elite 2 TD Football Cleat,2017-09-01,662.0,662,129.99000550000088
403,Nike Men's CJ Elite 2 TD Football Cleat,2017-10-01,32.0,32,129.99000549999997
502,Nike Men's Dri-FIT Victory Golf Polo,2015-01-01,1857.0,627,50.0
502,Nike Men's Dri-FIT Victory Golf Polo,2015-02-01,1807.0,586,50.0
502,Nike Men's Dri-FIT Victory Golf Polo,2015-03-01,2004.0,665,50.0
502,Nike Men's Dri-FIT Victory Golf Polo,2015-04-01,1938.0,662,50.0
502,Nike Men's Dri-FIT Victory Golf Polo,2015-05-01,1926.0,649,50.0
502,Nike Men's Dri-FIT Victory Golf Polo,2015-06-01,1742.0,591,50.0
502,Nike Men's Dri-FIT Victory Golf Polo,2015-07-01,2163.0,698,50.0
502,Nike Men's Dri-FIT Victory Golf Polo,2015-08-01,1920.0,663,50.0
502,Nike Men's Dri-FIT Victory Golf Polo,2015-09-01,1875.0,634,50.0
502,Nike Men's Dri-FIT Victory Golf Polo,2015-10-01,1962.0,653,50.0
502,Nike Men's Dri-FIT Victory Golf Polo,2015-11-01,1773.0,582,50.0
502,Nike Men's Dri-FIT Victory Golf Polo,2015-12-01,1873.0,609,50.0
502,Nike Men's Dri-FIT Victory Golf Polo,2016-01-01,2069.0,698,50.0
502,Nike Men's Dri-FIT Victory Golf Polo,2016-02-01,1715.0,583,50.0
502,Nike Men's Dri-FIT Victory Golf Polo,2016-03-01,1847.0,617,50.0
502,Nike Men's Dri-FIT Victory Golf Polo,2016-04-01,1797.0,613,50.0
502,Nike Men's Dri-FIT Victory Golf Polo,2016-05-01,1923.0,656,50.0
502,Nike Men's Dri-FIT Victory Golf Polo,2016-06-01,1881.0,639,50.0
502,Nike Men's Dri-FIT Victory Golf Polo,2016-07-01,1969.0,656,50.0
502,Nike Men's Dri-FIT Victory Golf Polo,2016-08-01,2082.0,687,50.0
502,Nike Men's Dri-FIT Victory Golf Polo,2016-09-01,1859.0,620,50.0
502,Nike Men's Dri-FIT Victory Golf Polo,2016-10-01,2011.0,662,50.0
502,Nike Men's Dri-FIT Victory Golf Polo,2016-11-01,1847.0,627,50.0
502,Nike Men's Dri-FIT Victory Golf Polo,2016-12-01,1859.0,631,50.0
502,Nike Men's Dri-FIT Victory Golf Polo,2017-01-01,1974.0,654,50.0
502,Nike Men's Dri-FIT Victory Golf Polo,2017-02-01,1956.0,624,50.0
502,Nike Men's Dri-FIT Victory Golf Polo,2017-03-01,2036.0,655,50.0
502,Nike Men's Dri-FIT Victory Golf Polo,2017-04-01,1702.0,593,50.0
502,Nike Men's Dri-FIT Victory Golf Polo,2017-05-01,1860.0,617,50.0
502,Nike Men's Dri-FIT Victory Golf Polo,2017-06-01,1889.0,628,50.0
502,Nike Men's Dri-FIT Victory Golf Polo,2017-07-01,1867.0,631,50.0
502,Nike Men's Dri-FIT Victory Golf Polo,2017-08-01,1926.0,657,50.0
502,Nike Men's Dri-FIT Victory Golf Polo,2017-09-01,1969.0,641,50.0
502,Nike Men's Dri-FIT Victory Golf Polo,2017-10-01,78.0,27,50.0
564,Nike Men's Deutschland Weltmeister Winners Bl,2015-01-01,28.0,10,30.0
564,Nike Men's Deutschland Weltmeister Winners Bl,2015-02-01,23.0,8,30.0
564,Nike Men's Deutschland Weltmeister Winners Bl,2015-03-01,30.0,9,30.0
564,Nike Men's Deutschland Weltmeister Winners Bl,2015-04-01,18.0,6,30.0
564,Nike Men's Deutschland Weltmeister Winners Bl,2015-05-01,48.0,14,30.0
564,Nike Men's Deutschland Weltmeister Winners Bl,2015-06-01,30.0,12,30.0
564,Nike Men's Deutschland Weltmeister Winners Bl,2015-07-01,44.0,16,30.0
564,Nike Men's Deutschland Weltmeister Winners Bl,2015-08-01,18.0,6,30.0
564,Nike Men's Deutschland Weltmeister Winners Bl,2015-09-01,27.0,9,30.0
564,Nike Men's Deutschland Weltmeister Winners Bl,2015-10-01,30.0,12,30.0
564,Nike Men's Deutschland Weltmeister Winners Bl,2015-11-01,41.0,14,30.0
564,Nike Men's Deutschland Weltmeister Winners Bl,2015-12-01,21.0,7,30.0
564,Nike Men's Deutschland Weltmeister Winners Bl,2016-01-01,25.0,9,30.0
564,Nike Men's Deutschland Weltmeister Winners Bl,2016-02-01,35.0,12,30.0
564,Nike Men's Deutschland Weltmeister Winners Bl,2016-03-01,72.0,19,30.0
564,Nike Men's Deutschland Weltmeister Winners Bl,2016-04-01,31.0,10,30.0
564,Nike Men's Deutschland Weltmeister Winners Bl,2016-05-01,28.0,10,30.0
564,Nike Men's Deutschland Weltmeister Winners Bl,2016-06-01,50.0,16,30.0
564,Nike Men's Deutschland Weltmeister Winners Bl,2016-07-01,36.0,10,30.0
564,Nike Men's Deutschland Weltmeister Winners Bl,2016-08-01,54.0,15,30.0
564,Nike Men's Deutschland Weltmeister Winners Bl,2016-09-01,34.0,12,30.0
564,Nike Men's Deutschland Weltmeister Winners Bl,2016-10-01,35.0,12,30.0
564,Nike Men's Deutschland Weltmeister Winners Bl,2016-11-01,18.0,4,30.0
564,Nike Men's Deutschland Weltmeister Winners Bl,2016-12-01,38.0,13,30.0
564,Nike Men's Deutschland Weltmeister Winners Bl,2017-01-01,20.0,8,30.0
564,Nike Men's Deutschland Weltmeister Winners Bl,2017-02-01,25.0,9,30.0
564,Nike Men's Deutschland Weltmeister Winners Bl,2017-03-01,26.0,9,30.0
564,Nike Men's Deutschland Weltmeister Winners Bl,2017-04-01,22.0,7,30.0
565,adidas Youth Germany Black/Red Away Match Soc,2015-01-01,47.0,15,70.0
565,adidas Youth Germany Black/Red Away Match Soc,2015-02-01,32.0,13,70.0
565,adidas Youth Germany Black/Red Away Match Soc,2015-03-01,39.0,12,70.0
565,adidas Youth Germany Black/Red Away Match Soc,2015-04-01,40.0,11,70.0
565,adidas Youth Germany Black/Red Away Match Soc,2015-05-01,30.0,10,70.0
565,adidas Youth Germany Black/Red Away Match Soc,2015-06-01,41.0,13,70.0
565,adidas Youth Germany Black/Red Away Match Soc,2015-07-01,24.0,11,70.0
565,adidas Youth Germany Black/Red Away Match Soc,2015-08-01,21.0,9,70.0
565,adidas Youth Germany Black/Red Away Match Soc,2015-09-01,35.0,12,70.0
565,adidas Youth Germany Black/Red Away Match Soc,2015-10-01,45.0,13,70.0
565,adidas Youth Germany Black/Red Away Match Soc,2015-11-01,29.0,9,70.0
565,adidas Youth Germany Black/Red Away Match Soc,2015-12-01,52.0,15,70.0
565,adidas Youth Germany Black/Red Away Match Soc,2016-01-01,21.0,6,70.0
565,adidas Youth Germany Black/Red Away Match Soc,2016-02-01,56.0,15,70.0
565,adidas Youth Germany Black/Red Away Match Soc,2016-03-01,43.0,12,70.0
565,adidas Youth Germany Black/Red Away Match Soc,2016-04-01,33.0,10,70.0
565,adidas Youth Germany Black/Red Away Match Soc,2016-05-01,18.0,7,70.0
565,adidas Youth Germany Black/Red Away Match Soc,2016-06-01,29.0,10,70.0
565,adidas Youth Germany Black/Red Away Match Soc,2016-07-01,39.0,11,70.0
565,adidas Youth Germany Black/Red Away Match Soc,2016-08-01,26.0,9,70.0
565,adidas Youth Germany Black/Red Away Match Soc,2016-09-01,43.0,14,70.0
565,adidas Youth Germany Black/Red Away Match Soc,2016-10-01,38.0,13,70.0
565,adidas Youth Germany Black/Red Away Match Soc,2016-11-01,31.0,10,70.0
565,adidas Youth Germany Black/Red Away Match Soc,2016-12-01,34.0,12,70.0
565,adidas Youth Germany Black/Red Away Match Soc,2017-01-01,18.0,8,70.0
565,adidas Youth Germany Black/Red Away Match Soc,2017-02-01,31.0,9,70.0
565,adidas Youth Germany Black/Red Away Match Soc,2017-03-01,36.0,12,70.0
565,adidas Youth Germany Black/Red Away Match Soc,2017-04-01,38.0,13,70.0
567,adidas Men's Germany Black Crest Away Tee,2015-01-01,25.0,7,25.0
567,adidas Men's Germany Black Crest Away Tee,2015-02-01,38.0,11,25.0
567,adidas Men's Germany Black Crest Away Tee,2015-03-01,42.0,14,25.0
567,adidas Men's Germany Black Crest Away Tee,2015-04-01,56.0,17,25.0
567,adidas Men's Germany Black Crest Away Tee,2015-05-01,23.0,7,25.0
567,adidas Men's Germany Black Crest Away Tee,2015-06-01,29.0,11,25.0
567,adidas Men's Germany Black Crest Away Tee,2015-07-01,30.0,9,25.0
567,adidas Men's Germany Black Crest Away Tee,2015-08-01,30.0,8,25.0
567,adidas Men's Germany Black Crest Away Tee,2015-09-01,20.0,8,25.0
567,adidas Men's Germany Black Crest Away Tee,2015-10-01,41.0,16,25.0
567,adidas Men's Germany Black Crest Away Tee,2015-11-01,17.0,7,25.0
567,adidas Men's Germany Black Crest Away Tee,2015-12-01,31.0,11,25.0
567,adidas Men's Germany Black Crest Away Tee,2016-01-01,21.0,8,25.0
567,adidas Men's Germany Black Crest Away Tee,2016-02-01,49.0,16,25.0
567,adidas Men's Germany Black Crest Away Tee,2016-03-01,21.0,7,25.0
567,adidas Men's Germany Black Crest Away Tee,2016-04-01,40.0,12,25.0
567,adidas Men's Germany Black Crest Away Tee,2016-05-01,52.0,18,25.0
567,adidas Men's Germany Black Crest Away Tee,2016-06-01,21.0,9,25.0
567,adidas Men's Germany Black Crest Away Tee,2016-07-01,39.0,15,25.0
567,adidas Men's Germany Black Crest Away Tee,2016-08-01,24.0,6,25.0
567,adidas Men's Germany Black Crest Away Tee,2016-09-01,20.0,9,25.0
567,adidas Men's Germany Black Crest Away Tee,2016-10-01,31.0,12,25.0
567,adidas Men's Germany Black Crest Away Tee,2016-11-01,28.0,10,25.0
567,adidas Men's Germany Black Crest Away Tee,2016-12-01,23.0,9,25.0
567,adidas Men's Germany Black Crest Away Tee,2017-01-01,29.0,7,25.0
567,adidas Men's Germany Black Crest Away Tee,2017-02-01,30.0,8,25.0
567,adidas Men's Germany Black Crest Away Tee,2017-03-01,20.0,8,25.0
567,adidas Men's Germany Black Crest Away Tee,2017-04-01,29.0,9,25.0
572,TYR Boys' Team Digi Jammer,2015-01-01,22.0,6,39.99000168
572,TYR Boys' Team Digi Jammer,2015-02-01,51.0,19,39.99000168
572,TYR Boys' Team Digi Jammer,2015-03-01,37.0,11,39.99000168
572,TYR Boys' Team Digi Jammer,2015-04-01,27.0,11,39.99000168
572,TYR Boys' Team Digi Jammer,2015-05-01,35.0,10,39.99000168
572,TYR Boys' Team Digi Jammer,2015-06-01,50.0,15,39.99000168
572,TYR Boys' Team Digi Jammer,2015-07-01,35.0,13,39.990001680000006
572,TYR Boys' Team Digi Jammer,2015-08-01,60.0,17,39.99000168
572,TYR Boys' Team Digi Jammer,2015-09-01,33.0,12,39.99000168
572,TYR Boys' Team Digi Jammer,2015-10-01,47.0,14,39.99000167999999
572,TYR Boys' Team Digi Jammer,2015-11-01,19.0,6,39.99000168
572,TYR Boys' Team Digi Jammer,2015-12-01,28.0,10,39.99000168
572,TYR Boys' Team Digi Jammer,2016-01-01,21.0,8,39.99000168
572,TYR Boys' Team Digi Jammer,2016-02-01,19.0,6,39.99000168
572,TYR Boys' Team Digi Jammer,2016-03-01,21.0,7,39.99000168
572,TYR Boys' Team Digi Jammer,2016-04-01,31.0,10,39.99000168
572,TYR Boys' Team Digi Jammer,2016-05-01,41.0,14,39.99000168
572,TYR Boys' Team Digi Jammer,2016-06-01,37.0,14,39.99000168
572,TYR Boys' Team Digi Jammer,2016-07-01,26.0,10,39.99000168
572,TYR Boys' Team Digi Jammer,2016-08-01,34.0,11,39.99000168
572,TYR Boys' Team Digi Jammer,2016-09-01,15.0,9,39.990001680000006
572,TYR Boys' Team Digi Jammer,2016-10-01,30.0,10,39.99000168
572,TYR Boys' Team Digi Jammer,2016-11-01,19.0,6,39.99000168
572,TYR Boys' Team Digi Jammer,2016-12-01,41.0,12,39.99000168
572,TYR Boys' Team Digi Jammer,2017-01-01,14.0,7,39.99000167999999
572,TYR Boys' Team Digi Jammer,2017-02-01,35.0,14,39.99000168
572,TYR Boys' Team Digi Jammer,2017-03-01,30.0,11,39.99000168
572,TYR Boys' Team Digi Jammer,2017-04-01,22.0,7,39.99000167999999
607,Garmin Approach S3 Golf GPS Watch,2017-04-01,6.0,6,249.99000550000002
607,Garmin Approach S3 Golf GPS Watch,2017-05-01,18.0,18,249.99000549999997
607,Garmin Approach S3 Golf GPS Watch,2017-06-01,9.0,9,249.99000550000002
607,Garmin Approach S3 Golf GPS Watch,2017-07-01,15.0,15,249.9900055
607,Garmin Approach S3 Golf GPS Watch,2017-08-01,25.0,25,249.99000549999997
607,Garmin Approach S3 Golf GPS Watch,2017-09-01,4.0,4,249.9900055
625,Nike Men's Kobe IX Elite Low Basketball Shoe,2017-04-01,4.0,4,199.9900055
625,Nike Men's Kobe IX Elite Low Basketball Shoe,2017-05-01,18.0,18,199.99000549999997
625,Nike Men's Kobe IX Elite Low Basketball Shoe,2017-06-01,16.0,16,199.9900055
625,Nike Men's Kobe IX Elite Low Basketball Shoe,2017-07-01,6.0,6,199.99000549999997
625,Nike Men's Kobe IX Elite Low Basketball Shoe,2017-08-01,17.0,17,199.99000550000002
625,Nike Men's Kobe IX Elite Low Basketball Shoe,2017-09-01,2.0,2,199.9900055
627,Under Armour Girls' Toddler Spine Surge Runni,2015-01-01,1036.0,338,39.99000168000013
627,Under Armour Girls' Toddler Spine Surge Runni,2015-02-01,918.0,309,39.99000168000013
627,Under Armour Girls' Toddler Spine Surge Runni,2015-03-01,1094.0,359,39.99000168000014
627,Under Armour Girls' Toddler Spine Surge Runni,2015-04-01,905.0,295,39.99000168000013
627,Under Armour Girls' Toddler Spine Surge Runni,2015-05-01,1004.0,345,39.990001680000134
627,Under Armour Girls' Toddler Spine Surge Runni,2015-06-01,931.0,309,39.99000168000013
627,Under Armour Girls' Toddler Spine Surge Runni,2015-07-01,958.0,324,39.990001680000134
627,Under Armour Girls' Toddler Spine Surge Runni,2015-08-01,955.0,327,39.990001680000134
627,Under Armour Girls' Toddler Spine Surge Runni,2015-09-01,1000.0,323,39.990001680000134
627,Under Armour Girls' Toddler Spine Surge Runni,2015-10-01,950.0,338,39.990001680000134
627,Under Armour Girls' Toddler Spine Surge Runni,2015-11-01,1011.0,344,39.990001680000134
627,Under Armour Girls' Toddler Spine Surge Runni,2015-12-01,999.0,340,39.990001680000134
627,Under Armour Girls' Toddler Spine Surge Runni,2016-01-01,942.0,322,39.990001680000134
627,Under Armour Girls' Toddler Spine Surge Runni,2016-02-01,866.0,290,39.99000168000013
627,Under Armour Girls' Toddler Spine Surge Runni,2016-03-01,929.0,309,39.99000168000013
627,Under Armour Girls' Toddler Spine Surge Runni,2016-04-01,1000.0,316,39.99000168000013
627,Under Armour Girls' Toddler Spine Surge Runni,2016-05-01,931.0,319,39.990001680000134
627,Under Armour Girls' Toddler Spine Surge Runni,2016-06-01,895.0,306,39.99000168000013
627,Under Armour Girls' Toddler Spine Surge Runni,2016-07-01,901.0,308,39.99000168000013
627,Under Armour Girls' Toddler Spine Surge Runni,2016-08-01,1007.0,333,39.990001680000134
627,Under Armour Girls' Toddler Spine Surge Runni,2016-09-01,959.0,318,39.990001680000134
627,Under Armour Girls' Toddler Spine Surge Runni,2016-10-01,973.0,326,39.990001680000134
627,Under Armour Girls' Toddler Spine Surge Runni,2016-11-01,901.0,313,39.99000168000013
627,Under Armour Girls' Toddler Spine Surge Runni,2016-12-01,931.0,323,39.990001680000134
627,Under Armour Girls' Toddler Spine Surge Runni,2017-01-01,1053.0,347,39.990001680000134
627,Under Armour Girls' Toddler Spine Surge Runni,2017-02-01,771.0,259,39.99000168000011
627,Under Armour Girls' Toddler Spine Surge Runni,2017-03-01,992.0,332,39.99000168000013
627,Under Armour Girls' Toddler Spine Surge Runni,2017-04-01,1014.0,332,39.99000168000013
627,Under Armour Girls' Toddler Spine Surge Runni,2017-05-01,1015.0,329,39.990001680000134
627,Under Armour Girls' Toddler Spine Surge Runni,2017-06-01,906.0,303,39.99000168000013
627,Under Armour Girls' Toddler Spine Surge Runni,2017-07-01,1054.0,346,39.990001680000134
627,Under Armour Girls' Toddler Spine Surge Runni,2017-08-01,917.0,300,39.99000168000013
627,Under Armour Girls' Toddler Spine Surge Runni,2017-09-01,992.0,326,39.990001680000134
627,Under Armour Girls' Toddler Spine Surge Runni,2017-10-01,25.0,9,39.990001680000006
642,Columbia Men's PFG Anchor Tough T-Shirt,2015-01-01,32.0,10,30.0
642,Columbia Men's PFG Anchor Tough T-Shirt,2015-02-01,19.0,6,30.0
642,Columbia Men's PFG Anchor Tough T-Shirt,2015-03-01,29.0,8,30.0
642,Columbia Men's PFG Anchor Tough T-Shirt,2015-04-01,41.0,11,30.0
642,Columbia Men's PFG Anchor Tough T-Shirt,2015-05-01,31.0,10,30.0
642,Columbia Men's PFG Anchor Tough T-Shirt,2015-06-01,21.0,7,30.0
642,Columbia Men's PFG Anchor Tough T-Shirt,2015-07-01,20.0,7,30.0
642,Columbia Men's PFG Anchor Tough T-Shirt,2015-08-01,66.0,20,30.0
642,Columbia Men's PFG Anchor Tough T-Shirt,2015-09-01,34.0,12,30.0
642,Columbia Men's PFG Anchor Tough T-Shirt,2015-10-01,36.0,13,30.0
642,Columbia Men's PFG Anchor Tough T-Shirt,2015-11-01,36.0,12,30.0
642,Columbia Men's PFG Anchor Tough T-Shirt,2015-12-01,28.0,8,30.0
642,Columbia Men's PFG Anchor Tough T-Shirt,2016-01-01,13.0,4,30.0
642,Columbia Men's PFG Anchor Tough T-Shirt,2016-02-01,27.0,10,30.0
642,Columbia Men's PFG Anchor Tough T-Shirt,2016-03-01,37.0,14,30.0
642,Columbia Men's PFG Anchor Tough T-Shirt,2016-04-01,43.0,15,30.0
642,Columbia Men's PFG Anchor Tough T-Shirt,2016-05-01,39.0,13,30.0
642,Columbia Men's PFG Anchor Tough T-Shirt,2016-06-01,47.0,15,30.0
642,Columbia Men's PFG Anchor Tough T-Shirt,2016-07-01,28.0,11,30.0
642,Columbia Men's PFG Anchor Tough T-Shirt,2016-08-01,29.0,9,30.0
642,Columbia Men's PFG Anchor Tough T-Shirt,2016-09-01,12.0,5,30.0
642,Columbia Men's PFG Anchor Tough T-Shirt,2016-10-01,37.0,11,30.0
642,Columbia Men's PFG Anchor Tough T-Shirt,2016-11-01,54.0,19,30.0
642,Columbia Men's PFG Anchor Tough T-Shirt,2016-12-01,40.0,13,30.0
642,Columbia Men's PFG Anchor Tough T-Shirt,2017-01-01,30.0,8,30.0
642,Columbia Men's PFG Anchor Tough T-Shirt,2017-02-01,32.0,9,30.0
642,Columbia Men's PFG Anchor Tough T-Shirt,2017-03-01,43.0,15,30.0
642,Columbia Men's PFG Anchor Tough T-Shirt,2017-04-01,24.0,9,30.0
646,Merrell Women's Grassbow Sport Hiking Shoe,2017-04-01,6.0,3,99.98999786
646,Merrell Women's Grassbow Sport Hiking Shoe,2017-05-01,50.0,17,99.98999785999997
646,Merrell Women's Grassbow Sport Hiking Shoe,2017-06-01,37.0,12,99.98999786
646,Merrell Women's Grassbow Sport Hiking Shoe,2017-07-01,55.0,16,99.98999785999997
646,Merrell Women's Grassbow Sport Hiking Shoe,2017-08-01,27.0,12,99.98999786
646,Merrell Women's Grassbow Sport Hiking Shoe,2017-09-01,32.0,10,99.98999786
647,Merrell Women's Siren Mid Waterproof Hiking B,2017-04-01,3.0,3,134.9900055
647,Merrell Women's Siren Mid Waterproof Hiking B,2017-05-01,25.0,25,134.99000549999994
647,Merrell Women's Siren Mid Waterproof Hiking B,2017-06-01,9.0,9,134.99000550000002
647,Merrell Women's Siren Mid Waterproof Hiking B,2017-07-01,12.0,12,134.99000550000002
647,Merrell Women's Siren Mid Waterproof Hiking B,2017-08-01,17.0,17,134.99000550000002
647,Merrell Women's Siren Mid Waterproof Hiking B,2017-09-01,4.0,4,134.9900055
652,Merrell Women's Grassbow Sport Waterproof Hik,2017-04-01,2.0,2,129.9900055
652,Merrell Women's Grassbow Sport Waterproof Hik,2017-05-01,14.0,14,129.99000550000002
652,Merrell Women's Grassbow Sport Waterproof Hik,2017-06-01,14.0,14,129.99000550000002
652,Merrell Women's Grassbow Sport Waterproof Hik,2017-07-01,15.0,15,129.99000550000002
652,Merrell Women's Grassbow Sport Waterproof Hik,2017-08-01,10.0,10,129.99000550000002
652,Merrell Women's Grassbow Sport Waterproof Hik,2017-09-01,3.0,3,129.9900055
666,Merrell Men's All Out Flash Trail Running Sho,2017-04-01,7.0,7,109.98999790000002
666,Merrell Men's All Out Flash Trail Running Sho,2017-05-01,12.0,12,109.9899979
666,Merrell Men's All Out Flash Trail Running Sho,2017-06-01,24.0,24,109.98999790000003
666,Merrell Men's All Out Flash Trail Running Sho,2017-07-01,19.0,19,109.98999789999999
666,Merrell Men's All Out Flash Trail Running Sho,2017-08-01,19.0,19,109.98999789999999
666,Merrell Men's All Out Flash Trail Running Sho,2017-09-01,4.0,4,109.9899979
671,Cleveland Golf Collegiate My Custom Wedge 588,2017-04-01,5.0,5,209.9900055
671,Cleveland Golf Collegiate My Custom Wedge 588,2017-05-01,15.0,15,209.99000549999994
671,Cleveland Golf Collegiate My Custom Wedge 588,2017-06-01,12.0,12,209.99000549999997
671,Cleveland Golf Collegiate My Custom Wedge 588,2017-07-01,18.0,18,209.99000549999994
671,Cleveland Golf Collegiate My Custom Wedge 588,2017-08-01,13.0,13,209.99000549999997
671,Cleveland Golf Collegiate My Custom Wedge 588,2017-09-01,2.0,2,209.9900055
677,TaylorMade White Smoke IN-12 Putter,2017-04-01,7.0,3,99.98999786
677,TaylorMade White Smoke IN-12 Putter,2017-05-01,41.0,15,99.98999785999997
677,TaylorMade White Smoke IN-12 Putter,2017-06-01,37.0,13,99.98999785999999
677,TaylorMade White Smoke IN-12 Putter,2017-07-01,38.0,11,99.98999786
677,TaylorMade White Smoke IN-12 Putter,2017-08-01,57.0,17,99.98999785999997
677,TaylorMade White Smoke IN-12 Putter,2017-09-01,13.0,4,99.98999786
691,MDGolf Pittsburgh Penguins Putter,2017-04-01,15.0,5,79.98999786
691,MDGolf Pittsburgh Penguins Putter,2017-05-01,23.0,10,79.98999786
691,MDGolf Pittsburgh Penguins Putter,2017-06-01,18.0,9,79.98999786
691,MDGolf Pittsburgh Penguins Putter,2017-07-01,29.0,11,79.98999786
691,MDGolf Pittsburgh Penguins Putter,2017-08-01,60.0,18,79.98999785999997
703,Top Flite Women's 2014 XL Hybrid,2015-01-01,18.0,9,19.98999977
703,Top Flite Women's 2014 XL Hybrid,2015-02-01,32.0,11,19.98999977
703,Top Flite Women's 2014 XL Hybrid,2015-03-01,10.0,6,19.98999977
703,Top Flite Women's 2014 XL Hybrid,2015-04-01,39.0,12,19.98999977
703,Top Flite Women's 2014 XL Hybrid,2015-05-01,33.0,11,19.98999977
703,Top Flite Women's 2014 XL Hybrid,2015-06-01,41.0,12,19.98999977
703,Top Flite Women's 2014 XL Hybrid,2015-07-01,47.0,15,19.98999977
703,Top Flite Women's 2014 XL Hybrid,2015-08-01,46.0,17,19.98999977
703,Top Flite Women's 2014 XL Hybrid,2015-09-01,19.0,7,19.98999977
703,Top Flite Women's 2014 XL Hybrid,2015-10-01,27.0,9,19.98999977
703,Top Flite Women's 2014 XL Hybrid,2015-11-01,36.0,12,19.98999977
703,Top Flite Women's 2014 XL Hybrid,2015-12-01,31.0,14,19.98999977
703,Top Flite Women's 2014 XL Hybrid,2016-01-01,20.0,9,19.98999977
703,Top Flite Women's 2014 XL Hybrid,2016-02-01,28.0,9,19.98999977
703,Top Flite Women's 2014 XL Hybrid,2016-03-01,29.0,8,19.98999977
703,Top Flite Women's 2014 XL Hybrid,2016-04-01,36.0,11,19.98999977
703,Top Flite Women's 2014 XL Hybrid,2016-05-01,42.0,11,19.98999977
703,Top Flite Women's 2014 XL Hybrid,2016-06-01,23.0,9,19.98999977
703,Top Flite Women's 2014 XL Hybrid,2016-07-01,39.0,11,19.98999977
703,Top Flite Women's 2014 XL Hybrid,2016-08-01,49.0,16,19.98999977
703,Top Flite Women's 2014 XL Hybrid,2016-09-01,42.0,13,19.98999977
703,Top Flite Women's 2014 XL Hybrid,2016-10-01,27.0,10,19.98999977
703,Top Flite Women's 2014 XL Hybrid,2016-11-01,35.0,12,19.98999977
703,Top Flite Women's 2014 XL Hybrid,2016-12-01,32.0,11,19.98999977
703,Top Flite Women's 2014 XL Hybrid,2017-01-01,27.0,9,19.98999977
703,Top Flite Women's 2014 XL Hybrid,2017-02-01,29.0,9,19.98999977
703,Top Flite Women's 2014 XL Hybrid,2017-03-01,22.0,7,19.98999977
703,Top Flite Women's 2014 XL Hybrid,2017-04-01,28.0,13,19.98999977
705,Cleveland Golf Women's 588 RTX CB Satin Chrom,2017-04-01,8.0,8,119.98999790000002
705,Cleveland Golf Women's 588 RTX CB Satin Chrom,2017-05-01,10.0,10,119.9899979
705,Cleveland Golf Women's 588 RTX CB Satin Chrom,2017-06-01,15.0,15,119.98999789999998
705,Cleveland Golf Women's 588 RTX CB Satin Chrom,2017-07-01,18.0,18,119.98999789999999
705,Cleveland Golf Women's 588 RTX CB Satin Chrom,2017-08-01,16.0,16,119.98999789999998
705,Cleveland Golf Women's 588 RTX CB Satin Chrom,2017-09-01,3.0,3,119.9899979
715,TaylorMade Women's RBZ SL Rescue,2017-04-01,4.0,4,129.9900055
715,TaylorMade Women's RBZ SL Rescue,2017-05-01,12.0,12,129.99000550000002
715,TaylorMade Women's RBZ SL Rescue,2017-06-01,15.0,15,129.99000550000002
715,TaylorMade Women's RBZ SL Rescue,2017-07-01,8.0,8,129.99000550000002
715,TaylorMade Women's RBZ SL Rescue,2017-08-01,25.0,25,129.99000549999994
715,TaylorMade Women's RBZ SL Rescue,2017-09-01,4.0,4,129.9900055
724,LIJA Women's Mid-Length Panel Golf Shorts,2017-04-01,9.0,3,100.0
724,LIJA Women's Mid-Length Panel Golf Shorts,2017-05-01,34.0,13,100.0
724,LIJA Women's Mid-Length Panel Golf Shorts,2017-06-01,64.0,20,100.0
724,LIJA Women's Mid-Length Panel Golf Shorts,2017-07-01,48.0,15,100.0
724,LIJA Women's Mid-Length Panel Golf Shorts,2017-08-01,53.0,17,100.0
724,LIJA Women's Mid-Length Panel Golf Shorts,2017-09-01,19.0,5,100.0
725,LIJA Women's Button Golf Dress,2017-04-01,8.0,8,108.0
725,LIJA Women's Button Golf Dress,2017-05-01,13.0,13,108.0
725,LIJA Women's Button Golf Dress,2017-06-01,20.0,20,108.0
725,LIJA Women's Button Golf Dress,2017-07-01,19.0,19,108.0
725,LIJA Women's Button Golf Dress,2017-08-01,14.0,14,108.0
725,LIJA Women's Button Golf Dress,2017-09-01,2.0,2,108.0
728,LIJA Women's Eyelet Sleeveless Golf Polo,2015-01-01,42.0,16,65.0
728,LIJA Women's Eyelet Sleeveless Golf Polo,2015-02-01,46.0,15,65.0
728,LIJA Women's Eyelet Sleeveless Golf Polo,2015-03-01,42.0,14,65.0
728,LIJA Women's Eyelet Sleeveless Golf Polo,2015-04-01,13.0,4,65.0
728,LIJA Women's Eyelet Sleeveless Golf Polo,2015-05-01,50.0,14,65.0
728,LIJA Women's Eyelet Sleeveless Golf Polo,2015-06-01,48.0,16,65.0
728,LIJA Women's Eyelet Sleeveless Golf Polo,2015-07-01,36.0,11,65.0
728,LIJA Women's Eyelet Sleeveless Golf Polo,2015-08-01,35.0,9,65.0
728,LIJA Women's Eyelet Sleeveless Golf Polo,2015-09-01,31.0,7,65.0
728,LIJA Women's Eyelet Sleeveless Golf Polo,2015-10-01,32.0,11,65.0
728,LIJA Women's Eyelet Sleeveless Golf Polo,2015-11-01,29.0,9,65.0
728,LIJA Women's Eyelet Sleeveless Golf Polo,2015-12-01,40.0,12,65.0
728,LIJA Women's Eyelet Sleeveless Golf Polo,2016-01-01,18.0,7,65.0
728,LIJA Women's Eyelet Sleeveless Golf Polo,2016-02-01,36.0,10,65.0
728,LIJA Women's Eyelet Sleeveless Golf Polo,2016-03-01,24.0,8,65.0
728,LIJA Women's Eyelet Sleeveless Golf Polo,2016-04-01,50.0,15,65.0
728,LIJA Women's Eyelet Sleeveless Golf Polo,2016-05-01,45.0,14,65.0
728,LIJA Women's Eyelet Sleeveless Golf Polo,2016-06-01,38.0,11,65.0
728,LIJA Women's Eyelet Sleeveless Golf Polo,2016-07-01,32.0,11,65.0
728,LIJA Women's Eyelet Sleeveless Golf Polo,2016-08-01,27.0,11,65.0
728,LIJA Women's Eyelet Sleeveless Golf Polo,2016-09-01,34.0,11,65.0
728,LIJA Women's Eyelet Sleeveless Golf Polo,2016-10-01,27.0,13,65.0
728,LIJA Women's Eyelet Sleeveless Golf Polo,2016-11-01,8.0,3,65.0
728,LIJA Women's Eyelet Sleeveless Golf Polo,2016-12-01,46.0,13,65.0
728,LIJA Women's Eyelet Sleeveless Golf Polo,2017-01-01,27.0,10,65.0
728,LIJA Women's Eyelet Sleeveless Golf Polo,2017-02-01,43.0,15,65.0
728,LIJA Women's Eyelet Sleeveless Golf Polo,2017-03-01,20.0,8,65.0
728,LIJA Women's Eyelet Sleeveless Golf Polo,2017-04-01,27.0,11,65.0
730,LIJA Women's Argyle Golf Polo,2017-04-01,3.0,1,80.0
730,LIJA Women's Argyle Golf Polo,2017-05-01,48.0,16,80.0
730,LIJA Women's Argyle Golf Polo,2017-06-01,53.0,16,80.0
730,LIJA Women's Argyle Golf Polo,2017-07-01,35.0,12,80.0
730,LIJA Women's Argyle Golf Polo,2017-08-01,40.0,15,80.0
730,LIJA Women's Argyle Golf Polo,2017-09-01,16.0,6,80.0
743,Ogio Race Golf Shoes,2017-04-01,4.0,4,169.9900055
743,Ogio Race Golf Shoes,2017-05-01,18.0,18,169.99000549999997
743,Ogio Race Golf Shoes,2017-06-01,11.0,11,169.99000550000002
743,Ogio Race Golf Shoes,2017-07-01,12.0,12,169.99000550000002
743,Ogio Race Golf Shoes,2017-08-01,16.0,16,169.9900055
768,Titleist Club Glove Travel Cover,2017-09-01,34.0,34,299.9899901999999
771,Clicgear Rovic Cooler Bag,2015-01-01,24.0,7,39.99000168
771,Clicgear Rovic Cooler Bag,2015-02-01,20.0,7,39.99000168
771,Clicgear Rovic Cooler Bag,2015-03-01,38.0,12,39.99000167999999
771,Clicgear Rovic Cooler Bag,2015-04-01,25.0,9,39.99000168
771,Clicgear Rovic Cooler Bag,2015-05-01,56.0,16,39.99000167999999
771,Clicgear Rovic Cooler Bag,2015-06-01,22.0,7,39.99000168
771,Clicgear Rovic Cooler Bag,2015-07-01,44.0,14,39.99000167999999
771,Clicgear Rovic Cooler Bag,2015-08-01,25.0,7,39.99000168
771,Clicgear Rovic Cooler Bag,2015-09-01,10.0,3,39.99000168
771,Clicgear Rovic Cooler Bag,2015-10-01,35.0,9,39.99000168
771,Clicgear Rovic Cooler Bag,2015-11-01,44.0,13,39.99000167999999
771,Clicgear Rovic Cooler Bag,2015-12-01,27.0,9,39.99000168
771,Clicgear Rovic Cooler Bag,2016-01-01,29.0,9,39.99000168
771,Clicgear Rovic Cooler Bag,2016-02-01,34.0,12,39.99000167999999
771,Clicgear Rovic Cooler Bag,2016-03-01,28.0,11,39.99000167999999
771,Clicgear Rovic Cooler Bag,2016-04-01,28.0,8,39.99000168
771,Clicgear Rovic Cooler Bag,2016-05-01,40.0,12,39.99000167999999
771,Clicgear Rovic Cooler Bag,2016-06-01,32.0,11,39.99000167999999
771,Clicgear Rovic Cooler Bag,2016-07-01,36.0,9,39.99000168
771,Clicgear Rovic Cooler Bag,2016-08-01,33.0,16,39.99000167999999
771,Clicgear Rovic Cooler Bag,2016-09-01,13.0,6,39.99000168
771,Clicgear Rovic Cooler Bag,2016-10-01,41.0,14,39.99000167999999
771,Clicgear Rovic Cooler Bag,2016-11-01,33.0,14,39.99000167999999
771,Clicgear Rovic Cooler Bag,2016-12-01,29.0,12,39.99000167999999
771,Clicgear Rovic Cooler Bag,2017-01-01,34.0,11,39.99000167999999
771,Clicgear Rovic Cooler Bag,2017-02-01,14.0,7,39.99000168
771,Clicgear Rovic Cooler Bag,2017-03-01,54.0,14,39.99000167999999
771,Clicgear Rovic Cooler Bag,2017-04-01,19.0,5,39.99000168
773,Titleist Small Wheeled Travel Cover,2017-04-01,1.0,1,249.9900055
773,Titleist Small Wheeled Travel Cover,2017-05-01,9.0,9,249.99000550000002
773,Titleist Small Wheeled Travel Cover,2017-06-01,16.0,16,249.99000549999994
773,Titleist Small Wheeled Travel Cover,2017-07-01,10.0,10,249.9900055
773,Titleist Small Wheeled Travel Cover,2017-08-01,10.0,10,249.9900055
773,Titleist Small Wheeled Travel Cover,2017-09-01,8.0,8,249.99000550000002
775,Clicgear 8.0 Shoe Brush,2015-01-01,31.0,11,9.989999771
775,Clicgear 8.0 Shoe Brush,2015-02-01,49.0,13,9.989999770999999
775,Clicgear 8.0 Shoe Brush,2015-03-01,29.0,11,9.989999771
775,Clicgear 8.0 Shoe Brush,2015-04-01,37.0,12,9.989999771
775,Clicgear 8.0 Shoe Brush,2015-05-01,56.0,16,9.989999770999997
775,Clicgear 8.0 Shoe Brush,2015-06-01,36.0,11,9.989999771
775,Clicgear 8.0 Shoe Brush,2015-07-01,19.0,7,9.989999771
775,Clicgear 8.0 Shoe Brush,2015-08-01,23.0,9,9.989999771
775,Clicgear 8.0 Shoe Brush,2015-09-01,35.0,11,9.989999771
775,Clicgear 8.0 Shoe Brush,2015-10-01,18.0,4,9.989999771
775,Clicgear 8.0 Shoe Brush,2015-11-01,50.0,16,9.989999770999997
775,Clicgear 8.0 Shoe Brush,2015-12-01,27.0,8,9.989999771
775,Clicgear 8.0 Shoe Brush,2016-01-01,20.0,6,9.989999771
775,Clicgear 8.0 Shoe Brush,2016-02-01,20.0,8,9.989999771
775,Clicgear 8.0 Shoe Brush,2016-03-01,29.0,12,9.989999771
775,Clicgear 8.0 Shoe Brush,2016-04-01,38.0,12,9.989999771
775,Clicgear 8.0 Shoe Brush,2016-05-01,41.0,12,9.989999771
775,Clicgear 8.0 Shoe Brush,2016-06-01,21.0,7,9.989999771
775,Clicgear 8.0 Shoe Brush,2016-07-01,26.0,7,9.989999771
775,Clicgear 8.0 Shoe Brush,2016-08-01,36.0,13,9.989999770999999
775,Clicgear 8.0 Shoe Brush,2016-09-01,16.0,8,9.989999771
775,Clicgear 8.0 Shoe Brush,2016-10-01,38.0,12,9.989999771
775,Clicgear 8.0 Shoe Brush,2016-11-01,42.0,13,9.989999770999999
775,Clicgear 8.0 Shoe Brush,2016-12-01,30.0,9,9.989999771
775,Clicgear 8.0 Shoe Brush,2017-01-01,29.0,10,9.989999771
775,Clicgear 8.0 Shoe Brush,2017-02-01,33.0,10,9.989999771
775,Clicgear 8.0 Shoe Brush,2017-03-01,34.0,9,9.989999771
775,Clicgear 8.0 Shoe Brush,2017-04-01,25.0,8,9.989999771
777,Bag Boy M330 Push Cart,2017-04-01,4.0,1,79.98999786
777,Bag Boy M330 Push Cart,2017-05-01,70.0,25,79.98999785999996
777,Bag Boy M330 Push Cart,2017-06-01,33.0,13,79.98999786
777,Bag Boy M330 Push Cart,2017-07-01,25.0,8,79.98999786
777,Bag Boy M330 Push Cart,2017-08-01,52.0,16,79.98999785999999
777,Bag Boy M330 Push Cart,2017-09-01,24.0,6,79.98999786
778,Bag Boy Beverage Holder,2015-01-01,39.0,11,24.98999977
778,Bag Boy Beverage Holder,2015-02-01,17.0,5,24.98999977
778,Bag Boy Beverage Holder,2015-03-01,37.0,13,24.98999977
778,Bag Boy Beverage Holder,2015-04-01,37.0,8,24.98999977
778,Bag Boy Beverage Holder,2015-05-01,34.0,11,24.98999977
778,Bag Boy Beverage Holder,2015-06-01,35.0,10,24.98999977
778,Bag Boy Beverage Holder,2015-07-01,28.0,8,24.98999977
778,Bag Boy Beverage Holder,2015-08-01,18.0,7,24.98999977
778,Bag Boy Beverage Holder,2015-09-01,32.0,15,24.98999977
778,Bag Boy Beverage Holder,2015-10-01,34.0,9,24.98999977
778,Bag Boy Beverage Holder,2015-11-01,51.0,15,24.98999977
778,Bag Boy Beverage Holder,2015-12-01,34.0,10,24.98999977
778,Bag Boy Beverage Holder,2016-01-01,21.0,8,24.98999977
778,Bag Boy Beverage Holder,2016-02-01,20.0,10,24.98999977
778,Bag Boy Beverage Holder,2016-03-01,39.0,14,24.98999977
778,Bag Boy Beverage Holder,2016-04-01,17.0,7,24.98999977
778,Bag Boy Beverage Holder,2016-05-01,35.0,9,24.98999977
778,Bag Boy Beverage Holder,2016-06-01,30.0,9,24.98999977
778,Bag Boy Beverage Holder,2016-07-01,26.0,10,24.98999977
778,Bag Boy Beverage Holder,2016-08-01,35.0,12,24.98999977
778,Bag Boy Beverage Holder,2016-09-01,22.0,8,24.98999977
778,Bag Boy Beverage Holder,2016-10-01,23.0,8,24.98999977
778,Bag Boy Beverage Holder,2016-11-01,36.0,12,24.98999977
778,Bag Boy Beverage Holder,2016-12-01,47.0,15,24.98999977
778,Bag Boy Beverage Holder,2017-01-01,11.0,3,24.98999977
778,Bag Boy Beverage Holder,2017-02-01,30.0,12,24.98999977
778,Bag Boy Beverage Holder,2017-03-01,33.0,11,24.98999977
778,Bag Boy Beverage Holder,2017-04-01,24.0,9,24.98999977
786,TaylorMade 2014 Purelite Stand Bag,2017-04-01,4.0,4,179.9900055
786,TaylorMade 2014 Purelite Stand Bag,2017-05-01,14.0,14,179.9900055
786,TaylorMade 2014 Purelite Stand Bag,2017-06-01,16.0,16,179.99000549999997
786,TaylorMade 2014 Purelite Stand Bag,2017-07-01,13.0,13,179.9900055
786,TaylorMade 2014 Purelite Stand Bag,2017-08-01,15.0,15,179.99000549999997
786,TaylorMade 2014 Purelite Stand Bag,2017-09-01,3.0,3,179.99000549999997
792,Hirzl Men's Hybrid Golf Glove,2015-01-01,22.0,6,14.989999769999999
792,Hirzl Men's Hybrid Golf Glove,2015-02-01,25.0,10,14.98999977
792,Hirzl Men's Hybrid Golf Glove,2015-03-01,37.0,12,14.989999769999999
792,Hirzl Men's Hybrid Golf Glove,2015-04-01,38.0,11,14.989999769999999
792,Hirzl Men's Hybrid Golf Glove,2015-05-01,30.0,10,14.98999977
792,Hirzl Men's Hybrid Golf Glove,2015-06-01,14.0,6,14.989999769999999
792,Hirzl Men's Hybrid Golf Glove,2015-07-01,25.0,9,14.98999977
792,Hirzl Men's Hybrid Golf Glove,2015-08-01,49.0,14,14.989999769999999
792,Hirzl Men's Hybrid Golf Glove,2015-09-01,29.0,10,14.98999977
792,Hirzl Men's Hybrid Golf Glove,2015-10-01,38.0,11,14.989999769999999
792,Hirzl Men's Hybrid Golf Glove,2015-11-01,28.0,10,14.98999977
792,Hirzl Men's Hybrid Golf Glove,2015-12-01,37.0,12,14.989999769999999
792,Hirzl Men's Hybrid Golf Glove,2016-01-01,44.0,15,14.989999769999999
792,Hirzl Men's Hybrid Golf Glove,2016-02-01,18.0,5,14.98999977
792,Hirzl Men's Hybrid Golf Glove,2016-03-01,30.0,11,14.989999769999999
792,Hirzl Men's Hybrid Golf Glove,2016-04-01,36.0,12,14.989999769999999
792,Hirzl Men's Hybrid Golf Glove,2016-05-01,22.0,7,14.989999769999999
792,Hirzl Men's Hybrid Golf Glove,2016-06-01,46.0,14,14.989999769999999
792,Hirzl Men's Hybrid Golf Glove,2016-07-01,23.0,9,14.98999977
792,Hirzl Men's Hybrid Golf Glove,2016-08-01,13.0,5,14.98999977
792,Hirzl Men's Hybrid Golf Glove,2016-09-01,26.0,9,14.98999977
792,Hirzl Men's Hybrid Golf Glove,2016-10-01,38.0,14,14.989999769999999
792,Hirzl Men's Hybrid Golf Glove,2016-11-01,40.0,12,14.989999769999999
792,Hirzl Men's Hybrid Golf Glove,2016-12-01,33.0,9,14.98999977
792,Hirzl Men's Hybrid Golf Glove,2017-01-01,40.0,11,14.989999769999999
792,Hirzl Men's Hybrid Golf Glove,2017-02-01,38.0,13,14.989999769999999
792,Hirzl Men's Hybrid Golf Glove,2017-03-01,28.0,9,14.98999977
792,Hirzl Men's Hybrid Golf Glove,2017-04-01,17.0,6,14.989999769999999
793,Hirzl Women's Hybrid Golf Glove,2015-01-01,31.0,9,14.98999977
793,Hirzl Women's Hybrid Golf Glove,2015-02-01,25.0,8,14.989999769999999
793,Hirzl Women's Hybrid Golf Glove,2015-03-01,52.0,17,14.989999769999999
793,Hirzl Women's Hybrid Golf Glove,2015-04-01,49.0,18,14.98999977
793,Hirzl Women's Hybrid Golf Glove,2015-05-01,39.0,13,14.989999769999999
793,Hirzl Women's Hybrid Golf Glove,2015-06-01,36.0,13,14.989999769999999
793,Hirzl Women's Hybrid Golf Glove,2015-07-01,25.0,8,14.989999769999999
793,Hirzl Women's Hybrid Golf Glove,2015-08-01,32.0,13,14.989999769999999
793,Hirzl Women's Hybrid Golf Glove,2015-09-01,16.0,7,14.989999769999999
793,Hirzl Women's Hybrid Golf Glove,2015-10-01,64.0,18,14.98999977
793,Hirzl Women's Hybrid Golf Glove,2015-11-01,20.0,9,14.98999977
793,Hirzl Women's Hybrid Golf Glove,2015-12-01,34.0,10,14.98999977
793,Hirzl Women's Hybrid Golf Glove,2016-01-01,25.0,8,14.989999769999999
793,Hirzl Women's Hybrid Golf Glove,2016-02-01,37.0,14,14.989999769999999
793,Hirzl Women's Hybrid Golf Glove,2016-03-01,27.0,12,14.989999769999999
793,Hirzl Women's Hybrid Golf Glove,2016-04-01,22.0,7,14.989999769999999
793,Hirzl Women's Hybrid Golf Glove,2016-05-01,32.0,11,14.989999769999999
793,Hirzl Women's Hybrid Golf Glove,2016-06-01,27.0,12,14.989999769999999
793,Hirzl Women's Hybrid Golf Glove,2016-07-01,55.0,18,14.98999977
793,Hirzl Women's Hybrid Golf Glove,2016-08-01,43.0,13,14.989999769999999
793,Hirzl Women's Hybrid Golf Glove,2016-09-01,44.0,14,14.989999769999999
793,Hirzl Women's Hybrid Golf Glove,2016-10-01,24.0,9,14.98999977
793,Hirzl Women's Hybrid Golf Glove,2016-11-01,23.0,8,14.989999769999999
793,Hirzl Women's Hybrid Golf Glove,2016-12-01,26.0,9,14.98999977
793,Hirzl Women's Hybrid Golf Glove,2017-01-01,16.0,7,14.989999769999999
793,Hirzl Women's Hybrid Golf Glove,2017-02-01,16.0,6,14.989999769999999
793,Hirzl Women's Hybrid Golf Glove,2017-03-01,33.0,12,14.989999769999999
793,Hirzl Women's Hybrid Golf Glove,2017-04-01,15.0,8,14.989999769999999
797,Hirzl Women's Soffft Flex Golf Glove,2015-01-01,36.0,15,17.98999977
797,Hirzl Women's Soffft Flex Golf Glove,2015-02-01,15.0,7,17.98999977
797,Hirzl Women's Soffft Flex Golf Glove,2015-03-01,53.0,14,17.98999977
797,Hirzl Women's Soffft Flex Golf Glove,2015-04-01,37.0,11,17.98999977
797,Hirzl Women's Soffft Flex Golf Glove,2015-05-01,46.0,13,17.98999977
797,Hirzl Women's Soffft Flex Golf Glove,2015-06-01,22.0,9,17.98999977
797,Hirzl Women's Soffft Flex Golf Glove,2015-07-01,32.0,12,17.98999977
797,Hirzl Women's Soffft Flex Golf Glove,2015-08-01,28.0,11,17.98999977
797,Hirzl Women's Soffft Flex Golf Glove,2015-09-01,37.0,10,17.98999977
797,Hirzl Women's Soffft Flex Golf Glove,2015-10-01,36.0,11,17.98999977
797,Hirzl Women's Soffft Flex Golf Glove,2015-11-01,53.0,19,17.98999977
797,Hirzl Women's Soffft Flex Golf Glove,2015-12-01,32.0,12,17.98999977
797,Hirzl Women's Soffft Flex Golf Glove,2016-01-01,31.0,12,17.98999977
797,Hirzl Women's Soffft Flex Golf Glove,2016-02-01,32.0,12,17.98999977
797,Hirzl Women's Soffft Flex Golf Glove,2016-03-01,15.0,5,17.989999770000004
797,Hirzl Women's Soffft Flex Golf Glove,2016-04-01,39.0,12,17.98999977
797,Hirzl Women's Soffft Flex Golf Glove,2016-05-01,32.0,11,17.98999977
797,Hirzl Women's Soffft Flex Golf Glove,2016-06-01,40.0,11,17.98999977
797,Hirzl Women's Soffft Flex Golf Glove,2016-07-01,30.0,9,17.98999977
797,Hirzl Women's Soffft Flex Golf Glove,2016-08-01,8.0,2,17.98999977
797,Hirzl Women's Soffft Flex Golf Glove,2016-09-01,41.0,14,17.98999977
797,Hirzl Women's Soffft Flex Golf Glove,2016-10-01,25.0,8,17.98999977
797,Hirzl Women's Soffft Flex Golf Glove,2016-11-01,8.0,4,17.98999977
797,Hirzl Women's Soffft Flex Golf Glove,2016-12-01,50.0,16,17.98999977
797,Hirzl Women's Soffft Flex Golf Glove,2017-01-01,36.0,10,17.98999977
797,Hirzl Women's Soffft Flex Golf Glove,2017-02-01,34.0,11,17.98999977
797,Hirzl Women's Soffft Flex Golf Glove,2017-03-01,30.0,10,17.98999977
797,Hirzl Women's Soffft Flex Golf Glove,2017-04-01,11.0,7,17.98999977
804,Glove It Women's Imperial Golf Glove,2015-01-01,27.0,12,19.98999977
804,Glove It Women's Imperial Golf Glove,2015-02-01,38.0,13,19.98999977
804,Glove It Women's Imperial Golf Glove,2015-03-01,53.0,17,19.98999977
804,Glove It Women's Imperial Golf Glove,2015-04-01,45.0,13,19.98999977
804,Glove It Women's Imperial Golf Glove,2015-05-01,50.0,15,19.98999977
804,Glove It Women's Imperial Golf Glove,2015-06-01,26.0,9,19.98999977
804,Glove It Women's Imperial Golf Glove,2015-07-01,30.0,11,19.98999977
804,Glove It Women's Imperial Golf Glove,2015-08-01,45.0,15,19.98999977
804,Glove It Women's Imperial Golf Glove,2015-09-01,38.0,11,19.98999977
804,Glove It Women's Imperial Golf Glove,2015-10-01,14.0,5,19.98999977
804,Glove It Women's Imperial Golf Glove,2015-11-01,31.0,10,19.98999977
804,Glove It Women's Imperial Golf Glove,2015-12-01,53.0,13,19.98999977
804,Glove It Women's Imperial Golf Glove,2016-01-01,42.0,15,19.98999977
804,Glove It Women's Imperial Golf Glove,2016-02-01,53.0,15,19.98999977
804,Glove It Women's Imperial Golf Glove,2016-03-01,22.0,8,19.98999977
804,Glove It Women's Imperial Golf Glove,2016-04-01,12.0,7,19.98999977
804,Glove It Women's Imperial Golf Glove,2016-05-01,20.0,7,19.98999977
804,Glove It Women's Imperial Golf Glove,2016-06-01,20.0,7,19.98999977
804,Glove It Women's Imperial Golf Glove,2016-07-01,35.0,10,19.98999977
804,Glove It Women's Imperial Golf Glove,2016-08-01,29.0,9,19.98999977
804,Glove It Women's Imperial Golf Glove,2016-09-01,34.0,10,19.98999977
804,Glove It Women's Imperial Golf Glove,2016-10-01,26.0,13,19.98999977
804,Glove It Women's Imperial Golf Glove,2016-11-01,37.0,13,19.98999977
804,Glove It Women's Imperial Golf Glove,2016-12-01,47.0,14,19.98999977
804,Glove It Women's Imperial Golf Glove,2017-01-01,40.0,13,19.98999977
804,Glove It Women's Imperial Golf Glove,2017-02-01,32.0,8,19.98999977
804,Glove It Women's Imperial Golf Glove,2017-03-01,20.0,7,19.98999977
804,Glove It Women's Imperial Golf Glove,2017-04-01,22.0,7,19.98999977
810,Glove It Women's Mod Oval Golf Glove,2015-01-01,32.0,10,19.98999977
810,Glove It Women's Mod Oval Golf Glove,2015-02-01,19.0,7,19.98999977
810,Glove It Women's Mod Oval Golf Glove,2015-03-01,28.0,8,19.98999977
810,Glove It Women's Mod Oval Golf Glove,2015-04-01,9.0,3,19.98999977
810,Glove It Women's Mod Oval Golf Glove,2015-05-01,36.0,13,19.98999977
810,Glove It Women's Mod Oval Golf Glove,2015-06-01,29.0,9,19.98999977
810,Glove It Women's Mod Oval Golf Glove,2015-07-01,27.0,8,19.98999977
810,Glove It Women's Mod Oval Golf Glove,2015-08-01,28.0,10,19.98999977
810,Glove It Women's Mod Oval Golf Glove,2015-09-01,30.0,11,19.98999977
810,Glove It Women's Mod Oval Golf Glove,2015-10-01,50.0,14,19.98999977
810,Glove It Women's Mod Oval Golf Glove,2015-11-01,35.0,12,19.98999977
810,Glove It Women's Mod Oval Golf Glove,2015-12-01,22.0,9,19.98999977
810,Glove It Women's Mod Oval Golf Glove,2016-01-01,40.0,13,19.98999977
810,Glove It Women's Mod Oval Golf Glove,2016-02-01,33.0,12,19.98999977
810,Glove It Women's Mod Oval Golf Glove,2016-03-01,7.0,3,19.98999977
810,Glove It Women's Mod Oval Golf Glove,2016-04-01,20.0,7,19.98999977
810,Glove It Women's Mod Oval Golf Glove,2016-05-01,38.0,14,19.98999977
810,Glove It Women's Mod Oval Golf Glove,2016-06-01,25.0,9,19.98999977
810,Glove It Women's Mod Oval Golf Glove,2016-07-01,17.0,5,19.98999977
810,Glove It Women's Mod Oval Golf Glove,2016-08-01,22.0,9,19.98999977
810,Glove It Women's Mod Oval Golf Glove,2016-09-01,54.0,20,19.98999977
810,Glove It Women's Mod Oval Golf Glove,2016-10-01,21.0,8,19.98999977
810,Glove It Women's Mod Oval Golf Glove,2016-11-01,30.0,11,19.98999977
810,Glove It Women's Mod Oval Golf Glove,2016-12-01,29.0,13,19.98999977
810,Glove It Women's Mod Oval Golf Glove,2017-01-01,41.0,13,19.98999977
810,Glove It Women's Mod Oval Golf Glove,2017-02-01,31.0,10,19.98999977
810,Glove It Women's Mod Oval Golf Glove,2017-03-01,26.0,8,19.98999977
810,Glove It Women's Mod Oval Golf Glove,2017-04-01,23.0,8,19.98999977
818,Titleist Pro V1x Golf Balls,2015-01-01,36.0,13,47.99000167999999
818,Titleist Pro V1x Golf Balls,2015-02-01,32.0,10,47.99000168
818,Titleist Pro V1x Golf Balls,2015-03-01,39.0,12,47.99000168
818,Titleist Pro V1x Golf Balls,2015-04-01,26.0,7,47.99000167999999
818,Titleist Pro V1x Golf Balls,2015-05-01,38.0,12,47.99000168
818,Titleist Pro V1x Golf Balls,2015-06-01,39.0,12,47.99000168
818,Titleist Pro V1x Golf Balls,2015-07-01,38.0,15,47.99000167999999
818,Titleist Pro V1x Golf Balls,2015-08-01,27.0,10,47.99000167999999
818,Titleist Pro V1x Golf Balls,2015-09-01,23.0,7,47.99000167999999
818,Titleist Pro V1x Golf Balls,2015-10-01,13.0,5,47.99000168
818,Titleist Pro V1x Golf Balls,2015-11-01,39.0,12,47.99000168
818,Titleist Pro V1x Golf Balls,2015-12-01,33.0,14,47.99000167999999
818,Titleist Pro V1x Golf Balls,2016-01-01,16.0,5,47.99000168
818,Titleist Pro V1x Golf Balls,2016-02-01,34.0,10,47.99000167999999
818,Titleist Pro V1x Golf Balls,2016-03-01,39.0,13,47.99000167999999
818,Titleist Pro V1x Golf Balls,2016-04-01,30.0,12,47.99000168
818,Titleist Pro V1x Golf Balls,2016-05-01,16.0,5,47.99000168
818,Titleist Pro V1x Golf Balls,2016-06-01,33.0,11,47.99000168
818,Titleist Pro V1x Golf Balls,2016-07-01,45.0,14,47.99000167999999
818,Titleist Pro V1x Golf Balls,2016-08-01,27.0,9,47.99000168
818,Titleist Pro V1x Golf Balls,2016-09-01,31.0,11,47.99000168
818,Titleist Pro V1x Golf Balls,2016-10-01,34.0,11,47.990001679999985
818,Titleist Pro V1x Golf Balls,2016-11-01,19.0,8,47.99000167999999
818,Titleist Pro V1x Golf Balls,2016-12-01,40.0,12,47.99000168
818,Titleist Pro V1x Golf Balls,2017-01-01,26.0,9,47.99000168
818,Titleist Pro V1x Golf Balls,2017-02-01,40.0,14,47.99000167999999
818,Titleist Pro V1x Golf Balls,2017-03-01,41.0,14,47.99000167999999
818,Titleist Pro V1x Golf Balls,2017-04-01,9.0,4,47.99000168
821,Titleist Pro V1 High Numbers Personalized Gol,2015-01-01,36.0,12,51.99000168
821,Titleist Pro V1 High Numbers Personalized Gol,2015-02-01,25.0,8,51.99000168
821,Titleist Pro V1 High Numbers Personalized Gol,2015-03-01,34.0,11,51.99000168
821,Titleist Pro V1 High Numbers Personalized Gol,2015-04-01,21.0,8,51.99000168
821,Titleist Pro V1 High Numbers Personalized Gol,2015-05-01,38.0,12,51.99000168
821,Titleist Pro V1 High Numbers Personalized Gol,2015-06-01,15.0,6,51.99000168
821,Titleist Pro V1 High Numbers Personalized Gol,2015-07-01,28.0,9,51.99000168
821,Titleist Pro V1 High Numbers Personalized Gol,2015-08-01,32.0,10,51.99000167999999
821,Titleist Pro V1 High Numbers Personalized Gol,2015-09-01,47.0,15,51.99000167999999
821,Titleist Pro V1 High Numbers Personalized Gol,2015-10-01,31.0,9,51.99000168
821,Titleist Pro V1 High Numbers Personalized Gol,2015-11-01,29.0,10,51.99000168
821,Titleist Pro V1 High Numbers Personalized Gol,2015-12-01,34.0,10,51.99000168
821,Titleist Pro V1 High Numbers Personalized Gol,2016-01-01,29.0,10,51.99000168
821,Titleist Pro V1 High Numbers Personalized Gol,2016-02-01,21.0,8,51.99000168
821,Titleist Pro V1 High Numbers Personalized Gol,2016-03-01,20.0,8,51.99000168
821,Titleist Pro V1 High Numbers Personalized Gol,2016-04-01,34.0,12,51.99000168
821,Titleist Pro V1 High Numbers Personalized Gol,2016-05-01,59.0,19,51.99000167999999
821,Titleist Pro V1 High Numbers Personalized Gol,2016-06-01,26.0,12,51.99000168
821,Titleist Pro V1 High Numbers Personalized Gol,2016-07-01,36.0,13,51.99000167999999
821,Titleist Pro V1 High Numbers Personalized Gol,2016-08-01,40.0,13,51.99000167999999
821,Titleist Pro V1 High Numbers Personalized Gol,2016-09-01,32.0,11,51.99000168
821,Titleist Pro V1 High Numbers Personalized Gol,2016-10-01,32.0,10,51.99000168
821,Titleist Pro V1 High Numbers Personalized Gol,2016-11-01,28.0,10,51.99000168
821,Titleist Pro V1 High Numbers Personalized Gol,2016-12-01,12.0,6,51.99000168
821,Titleist Pro V1 High Numbers Personalized Gol,2017-01-01,29.0,10,51.99000167999999
821,Titleist Pro V1 High Numbers Personalized Gol,2017-02-01,44.0,13,51.99000167999999
821,Titleist Pro V1 High Numbers Personalized Gol,2017-03-01,28.0,11,51.99000168
821,Titleist Pro V1 High Numbers Personalized Gol,2017-04-01,11.0,6,51.99000168
822,Titleist Pro V1x High Numbers Golf Balls,2015-01-01,35.0,10,47.99000168
822,Titleist Pro V1x High Numbers Golf Balls,2015-02-01,30.0,11,47.99000168
822,Titleist Pro V1x High Numbers Golf Balls,2015-03-01,40.0,14,47.99000167999999
822,Titleist Pro V1x High Numbers Golf Balls,2015-04-01,19.0,7,47.99000167999999
822,Titleist Pro V1x High Numbers Golf Balls,2015-05-01,30.0,10,47.99000168
822,Titleist Pro V1x High Numbers Golf Balls,2015-06-01,41.0,14,47.99000167999999
822,Titleist Pro V1x High Numbers Golf Balls,2015-07-01,22.0,7,47.99000168
822,Titleist Pro V1x High Numbers Golf Balls,2015-08-01,20.0,6,47.99000168
822,Titleist Pro V1x High Numbers Golf Balls,2015-09-01,24.0,9,47.990001680000006
822,Titleist Pro V1x High Numbers Golf Balls,2015-10-01,27.0,9,47.990001680000006
822,Titleist Pro V1x High Numbers Golf Balls,2015-11-01,42.0,12,47.99000168
822,Titleist Pro V1x High Numbers Golf Balls,2015-12-01,34.0,10,47.99000167999999
822,Titleist Pro V1x High Numbers Golf Balls,2016-01-01,17.0,5,47.99000168
822,Titleist Pro V1x High Numbers Golf Balls,2016-02-01,33.0,10,47.99000168
822,Titleist Pro V1x High Numbers Golf Balls,2016-03-01,20.0,8,47.99000168
822,Titleist Pro V1x High Numbers Golf Balls,2016-04-01,19.0,5,47.99000168
822,Titleist Pro V1x High Numbers Golf Balls,2016-05-01,13.0,4,47.99000168
822,Titleist Pro V1x High Numbers Golf Balls,2016-06-01,18.0,8,47.99000168
822,Titleist Pro V1x High Numbers Golf Balls,2016-07-01,22.0,9,47.990001680000006
822,Titleist Pro V1x High Numbers Golf Balls,2016-08-01,39.0,12,47.99000168
822,Titleist Pro V1x High Numbers Golf Balls,2016-09-01,31.0,9,47.99000167999999
822,Titleist Pro V1x High Numbers Golf Balls,2016-10-01,35.0,12,47.99000168
822,Titleist Pro V1x High Numbers Golf Balls,2016-11-01,36.0,11,47.99000168
822,Titleist Pro V1x High Numbers Golf Balls,2016-12-01,30.0,10,47.99000167999999
822,Titleist Pro V1x High Numbers Golf Balls,2017-01-01,38.0,12,47.990001679999985
822,Titleist Pro V1x High Numbers Golf Balls,2017-02-01,28.0,12,47.99000168
822,Titleist Pro V1x High Numbers Golf Balls,2017-03-01,38.0,11,47.99000168
822,Titleist Pro V1x High Numbers Golf Balls,2017-04-01,19.0,8,47.99000168
823,Titleist Pro V1x High Numbers Personalized Go,2015-01-01,44.0,16,51.99000167999999
823,Titleist Pro V1x High Numbers Personalized Go,2015-02-01,50.0,15,51.99000167999999
823,Titleist Pro V1x High Numbers Personalized Go,2015-03-01,28.0,10,51.99000168
823,Titleist Pro V1x High Numbers Personalized Go,2015-04-01,15.0,7,51.99000167999999
823,Titleist Pro V1x High Numbers Personalized Go,2015-05-01,51.0,15,51.99000167999999
823,Titleist Pro V1x High Numbers Personalized Go,2015-06-01,26.0,8,51.99000168
823,Titleist Pro V1x High Numbers Personalized Go,2015-07-01,21.0,8,51.99000167999999
823,Titleist Pro V1x High Numbers Personalized Go,2015-08-01,26.0,8,51.99000168
823,Titleist Pro V1x High Numbers Personalized Go,2015-09-01,34.0,11,51.99000168
823,Titleist Pro V1x High Numbers Personalized Go,2015-10-01,25.0,8,51.99000168
823,Titleist Pro V1x High Numbers Personalized Go,2015-11-01,47.0,16,51.99000167999999
823,Titleist Pro V1x High Numbers Personalized Go,2015-12-01,36.0,14,51.99000167999999
823,Titleist Pro V1x High Numbers Personalized Go,2016-01-01,35.0,14,51.99000167999999
823,Titleist Pro V1x High Numbers Personalized Go,2016-02-01,26.0,11,51.99000168
823,Titleist Pro V1x High Numbers Personalized Go,2016-03-01,14.0,6,51.99000168
823,Titleist Pro V1x High Numbers Personalized Go,2016-04-01,4.0,3,51.99000168
823,Titleist Pro V1x High Numbers Personalized Go,2016-05-01,21.0,9,51.99000168
823,Titleist Pro V1x High Numbers Personalized Go,2016-06-01,38.0,11,51.99000168
823,Titleist Pro V1x High Numbers Personalized Go,2016-07-01,30.0,11,51.990001679999985
823,Titleist Pro V1x High Numbers Personalized Go,2016-08-01,47.0,14,51.99000167999999
823,Titleist Pro V1x High Numbers Personalized Go,2016-09-01,47.0,14,51.99000167999999
823,Titleist Pro V1x High Numbers Personalized Go,2016-10-01,38.0,11,51.99000168
823,Titleist Pro V1x High Numbers Personalized Go,2016-11-01,48.0,16,51.99000167999999
823,Titleist Pro V1x High Numbers Personalized Go,2016-12-01,29.0,8,51.99000168
823,Titleist Pro V1x High Numbers Personalized Go,2017-01-01,47.0,14,51.990001679999985
823,Titleist Pro V1x High Numbers Personalized Go,2017-02-01,14.0,6,51.99000168
823,Titleist Pro V1x High Numbers Personalized Go,2017-03-01,43.0,14,51.99000167999999
823,Titleist Pro V1x High Numbers Personalized Go,2017-04-01,24.0,8,51.99000168
825,Bridgestone e6 Straight Distance NFL Tennesse,2015-01-01,16.0,6,31.98999977
825,Bridgestone e6 Straight Distance NFL Tennesse,2015-02-01,25.0,7,31.98999977
825,Bridgestone e6 Straight Distance NFL Tennesse,2015-03-01,21.0,6,31.98999977
825,Bridgestone e6 Straight Distance NFL Tennesse,2015-04-01,20.0,8,31.989999770000004
825,Bridgestone e6 Straight Distance NFL Tennesse,2015-05-01,32.0,11,31.98999977
825,Bridgestone e6 Straight Distance NFL Tennesse,2015-06-01,12.0,4,31.98999977
825,Bridgestone e6 Straight Distance NFL Tennesse,2015-07-01,22.0,6,31.98999977
825,Bridgestone e6 Straight Distance NFL Tennesse,2015-08-01,20.0,7,31.98999977
825,Bridgestone e6 Straight Distance NFL Tennesse,2015-09-01,37.0,13,31.98999977
825,Bridgestone e6 Straight Distance NFL Tennesse,2015-10-01,49.0,12,31.98999977
825,Bridgestone e6 Straight Distance NFL Tennesse,2015-11-01,28.0,9,31.989999770000004
825,Bridgestone e6 Straight Distance NFL Tennesse,2015-12-01,44.0,13,31.98999977
825,Bridgestone e6 Straight Distance NFL Tennesse,2016-01-01,31.0,10,31.989999770000004
825,Bridgestone e6 Straight Distance NFL Tennesse,2016-02-01,46.0,14,31.98999977
825,Bridgestone e6 Straight Distance NFL Tennesse,2016-03-01,15.0,7,31.98999977
825,Bridgestone e6 Straight Distance NFL Tennesse,2016-04-01,18.0,8,31.989999770000004
825,Bridgestone e6 Straight Distance NFL Tennesse,2016-05-01,17.0,4,31.98999977
825,Bridgestone e6 Straight Distance NFL Tennesse,2016-06-01,53.0,15,31.98999977
825,Bridgestone e6 Straight Distance NFL Tennesse,2016-07-01,19.0,7,31.98999977
825,Bridgestone e6 Straight Distance NFL Tennesse,2016-08-01,35.0,12,31.98999977
825,Bridgestone e6 Straight Distance NFL Tennesse,2016-09-01,31.0,11,31.98999977
825,Bridgestone e6 Straight Distance NFL Tennesse,2016-10-01,31.0,10,31.989999770000004
825,Bridgestone e6 Straight Distance NFL Tennesse,2016-11-01,36.0,14,31.98999977
825,Bridgestone e6 Straight Distance NFL Tennesse,2016-12-01,30.0,8,31.989999770000004
825,Bridgestone e6 Straight Distance NFL Tennesse,2017-01-01,34.0,11,31.98999977
825,Bridgestone e6 Straight Distance NFL Tennesse,2017-02-01,36.0,9,31.989999770000004
825,Bridgestone e6 Straight Distance NFL Tennesse,2017-03-01,32.0,11,31.98999977
825,Bridgestone e6 Straight Distance NFL Tennesse,2017-04-01,15.0,4,31.98999977
828,Bridgestone e6 Straight Distance NFL San Dieg,2015-01-01,32.0,12,31.98999977
828,Bridgestone e6 Straight Distance NFL San Dieg,2015-02-01,24.0,8,31.98999977
828,Bridgestone e6 Straight Distance NFL San Dieg,2015-03-01,35.0,13,31.98999977
828,Bridgestone e6 Straight Distance NFL San Dieg,2015-04-01,29.0,10,31.989999770000004
828,Bridgestone e6 Straight Distance NFL San Dieg,2015-05-01,21.0,8,31.98999977
828,Bridgestone e6 Straight Distance NFL San Dieg,2015-06-01,27.0,8,31.989999770000004
828,Bridgestone e6 Straight Distance NFL San Dieg,2015-07-01,27.0,9,31.989999770000004
828,Bridgestone e6 Straight Distance NFL San Dieg,2015-08-01,46.0,15,31.98999977
828,Bridgestone e6 Straight Distance NFL San Dieg,2015-09-01,33.0,11,31.98999977
828,Bridgestone e6 Straight Distance NFL San Dieg,2015-10-01,28.0,11,31.98999977
828,Bridgestone e6 Straight Distance NFL San Dieg,2015-11-01,32.0,12,31.98999977
828,Bridgestone e6 Straight Distance NFL San Dieg,2015-12-01,29.0,12,31.98999977
828,Bridgestone e6 Straight Distance NFL San Dieg,2016-01-01,58.0,19,31.98999977
828,Bridgestone e6 Straight Distance NFL San Dieg,2016-02-01,32.0,12,31.98999977
828,Bridgestone e6 Straight Distance NFL San Dieg,2016-03-01,43.0,14,31.989999770000004
828,Bridgestone e6 Straight Distance NFL San Dieg,2016-04-01,23.0,9,31.989999770000004
828,Bridgestone e6 Straight Distance NFL San Dieg,2016-05-01,46.0,14,31.98999977
828,Bridgestone e6 Straight Distance NFL San Dieg,2016-06-01,40.0,12,31.98999977
828,Bridgestone e6 Straight Distance NFL San Dieg,2016-07-01,29.0,10,31.989999770000004
828,Bridgestone e6 Straight Distance NFL San Dieg,2016-08-01,37.0,14,31.98999977
828,Bridgestone e6 Straight Distance NFL San Dieg,2016-09-01,17.0,6,31.98999977
828,Bridgestone e6 Straight Distance NFL San Dieg,2016-10-01,43.0,12,31.98999977
828,Bridgestone e6 Straight Distance NFL San Dieg,2016-11-01,24.0,11,31.98999977
828,Bridgestone e6 Straight Distance NFL San Dieg,2016-12-01,32.0,10,31.989999770000004
828,Bridgestone e6 Straight Distance NFL San Dieg,2017-01-01,29.0,10,31.989999770000004
828,Bridgestone e6 Straight Distance NFL San Dieg,2017-02-01,24.0,8,31.98999977
828,Bridgestone e6 Straight Distance NFL San Dieg,2017-03-01,39.0,12,31.98999977
828,Bridgestone e6 Straight Distance NFL San Dieg,2017-04-01,27.0,8,31.98999977
835,Bridgestone e6 Straight Distance NFL Carolina,2015-01-01,56.0,19,31.98999977
835,Bridgestone e6 Straight Distance NFL Carolina,2015-02-01,30.0,11,31.98999977
835,Bridgestone e6 Straight Distance NFL Carolina,2015-03-01,21.0,9,31.989999770000004
835,Bridgestone e6 Straight Distance NFL Carolina,2015-04-01,47.0,15,31.98999977
835,Bridgestone e6 Straight Distance NFL Carolina,2015-05-01,23.0,6,31.98999977
835,Bridgestone e6 Straight Distance NFL Carolina,2015-06-01,42.0,13,31.98999977
835,Bridgestone e6 Straight Distance NFL Carolina,2015-07-01,46.0,16,31.98999977
835,Bridgestone e6 Straight Distance NFL Carolina,2015-08-01,53.0,14,31.98999977
835,Bridgestone e6 Straight Distance NFL Carolina,2015-09-01,35.0,11,31.98999977
835,Bridgestone e6 Straight Distance NFL Carolina,2015-10-01,37.0,11,31.98999977
835,Bridgestone e6 Straight Distance NFL Carolina,2015-11-01,23.0,7,31.98999977
835,Bridgestone e6 Straight Distance NFL Carolina,2015-12-01,35.0,13,31.98999977
835,Bridgestone e6 Straight Distance NFL Carolina,2016-01-01,17.0,6,31.98999977
835,Bridgestone e6 Straight Distance NFL Carolina,2016-02-01,20.0,8,31.98999977
835,Bridgestone e6 Straight Distance NFL Carolina,2016-03-01,34.0,13,31.98999977
835,Bridgestone e6 Straight Distance NFL Carolina,2016-04-01,36.0,12,31.98999977
835,Bridgestone e6 Straight Distance NFL Carolina,2016-05-01,39.0,13,31.98999977
835,Bridgestone e6 Straight Distance NFL Carolina,2016-06-01,32.0,9,31.989999770000004
835,Bridgestone e6 Straight Distance NFL Carolina,2016-07-01,28.0,10,31.989999770000004
835,Bridgestone e6 Straight Distance NFL Carolina,2016-08-01,30.0,11,31.98999977
835,Bridgestone e6 Straight Distance NFL Carolina,2016-09-01,36.0,11,31.98999977
835,Bridgestone e6 Straight Distance NFL Carolina,2016-10-01,58.0,17,31.98999977
835,Bridgestone e6 Straight Distance NFL Carolina,2016-11-01,44.0,14,31.98999977
835,Bridgestone e6 Straight Distance NFL Carolina,2016-12-01,26.0,9,31.989999770000004
835,Bridgestone e6 Straight Distance NFL Carolina,2017-01-01,19.0,6,31.98999977
835,Bridgestone e6 Straight Distance NFL Carolina,2017-02-01,19.0,7,31.98999977
835,Bridgestone e6 Straight Distance NFL Carolina,2017-03-01,32.0,12,31.98999977
835,Bridgestone e6 Straight Distance NFL Carolina,2017-04-01,10.0,5,31.989999770000004
845,Garmin Approach S4 Golf GPS Watch,2017-09-01,36.0,36,299.98999019999997
858,GolfBuddy VT3 GPS Watch,2017-04-01,4.0,4,199.9900055
858,GolfBuddy VT3 GPS Watch,2017-05-01,13.0,13,199.99000550000002
858,GolfBuddy VT3 GPS Watch,2017-06-01,11.0,11,199.9900055
858,GolfBuddy VT3 GPS Watch,2017-07-01,16.0,16,199.99000550000002
858,GolfBuddy VT3 GPS Watch,2017-08-01,12.0,12,199.99000550000002
858,GolfBuddy VT3 GPS Watch,2017-09-01,3.0,3,199.99000549999997
860,Bushnell Pro X7 Jolt Slope Rangefinder,2017-09-01,4.0,4,599.9899902
860,Bushnell Pro X7 Jolt Slope Rangefinder,2017-10-01,7.0,7,599.9899902
885,Team Golf St. Louis Cardinals Putter Grip,2015-01-01,31.0,10,24.98999977
885,Team Golf St. Louis Cardinals Putter Grip,2015-02-01,23.0,9,24.98999977
885,Team Golf St. Louis Cardinals Putter Grip,2015-03-01,19.0,8,24.98999977
885,Team Golf St. Louis Cardinals Putter Grip,2015-04-01,28.0,10,24.989999770000004
885,Team Golf St. Louis Cardinals Putter Grip,2015-05-01,44.0,12,24.98999977
885,Team Golf St. Louis Cardinals Putter Grip,2015-06-01,34.0,10,24.989999770000004
885,Team Golf St. Louis Cardinals Putter Grip,2015-07-01,33.0,14,24.98999977
885,Team Golf St. Louis Cardinals Putter Grip,2015-08-01,18.0,8,24.98999977
885,Team Golf St. Louis Cardinals Putter Grip,2015-09-01,38.0,12,24.98999977
885,Team Golf St. Louis Cardinals Putter Grip,2015-10-01,32.0,11,24.98999977
885,Team Golf St. Louis Cardinals Putter Grip,2015-11-01,33.0,11,24.98999977
885,Team Golf St. Louis Cardinals Putter Grip,2015-12-01,42.0,14,24.98999977
885,Team Golf St. Louis Cardinals Putter Grip,2016-01-01,36.0,13,24.98999977
885,Team Golf St. Louis Cardinals Putter Grip,2016-02-01,37.0,11,24.98999977
885,Team Golf St. Louis Cardinals Putter Grip,2016-03-01,32.0,12,24.98999977
885,Team Golf St. Louis Cardinals Putter Grip,2016-04-01,50.0,16,24.98999977
885,Team Golf St. Louis Cardinals Putter Grip,2016-05-01,40.0,15,24.98999977
885,Team Golf St. Louis Cardinals Putter Grip,2016-06-01,30.0,12,24.98999977
885,Team Golf St. Louis Cardinals Putter Grip,2016-07-01,37.0,11,24.98999977
885,Team Golf St. Louis Cardinals Putter Grip,2016-08-01,20.0,5,24.98999977
885,Team Golf St. Louis Cardinals Putter Grip,2016-09-01,51.0,14,24.98999977
885,Team Golf St. Louis Cardinals Putter Grip,2016-10-01,36.0,10,24.989999770000004
885,Team Golf St. Louis Cardinals Putter Grip,2016-11-01,46.0,13,24.98999977
885,Team Golf St. Louis Cardinals Putter Grip,2016-12-01,61.0,18,24.98999977
885,Team Golf St. Louis Cardinals Putter Grip,2017-01-01,34.0,9,24.989999770000004
885,Team Golf St. Louis Cardinals Putter Grip,2017-02-01,46.0,13,24.98999977
885,Team Golf St. Louis Cardinals Putter Grip,2017-03-01,12.0,6,24.98999977
885,Team Golf St. Louis Cardinals Putter Grip,2017-04-01,15.0,6,24.98999977
886,Team Golf San Francisco Giants Putter Grip,2015-01-01,38.0,13,24.98999977
886,Team Golf San Francisco Giants Putter Grip,2015-02-01,43.0,14,24.98999977
886,Team Golf San Francisco Giants Putter Grip,2015-03-01,32.0,12,24.98999977
886,Team Golf San Francisco Giants Putter Grip,2015-04-01,28.0,12,24.98999977
886,Team Golf San Francisco Giants Putter Grip,2015-05-01,21.0,9,24.98999977
886,Team Golf San Francisco Giants Putter Grip,2015-06-01,35.0,11,24.98999977
886,Team Golf San Francisco Giants Putter Grip,2015-07-01,22.0,7,24.98999977
886,Team Golf San Francisco Giants Putter Grip,2015-08-01,45.0,13,24.98999977
886,Team Golf San Francisco Giants Putter Grip,2015-09-01,40.0,14,24.98999977
886,Team Golf San Francisco Giants Putter Grip,2015-10-01,39.0,13,24.98999977
886,Team Golf San Francisco Giants Putter Grip,2015-11-01,57.0,18,24.98999977
886,Team Golf San Francisco Giants Putter Grip,2015-12-01,29.0,8,24.98999977
886,Team Golf San Francisco Giants Putter Grip,2016-01-01,40.0,14,24.98999977
886,Team Golf San Francisco Giants Putter Grip,2016-02-01,19.0,9,24.98999977
886,Team Golf San Francisco Giants Putter Grip,2016-03-01,22.0,8,24.98999977
886,Team Golf San Francisco Giants Putter Grip,2016-04-01,26.0,8,24.98999977
886,Team Golf San Francisco Giants Putter Grip,2016-05-01,23.0,8,24.98999977
886,Team Golf San Francisco Giants Putter Grip,2016-06-01,15.0,4,24.98999977
886,Team Golf San Francisco Giants Putter Grip,2016-07-01,28.0,10,24.98999977
886,Team Golf San Francisco Giants Putter Grip,2016-08-01,14.0,4,24.98999977
886,Team Golf San Francisco Giants Putter Grip,2016-09-01,23.0,7,24.98999977
886,Team Golf San Francisco Giants Putter Grip,2016-10-01,32.0,8,24.98999977
886,Team Golf San Francisco Giants Putter Grip,2016-11-01,15.0,6,24.98999977
886,Team Golf San Francisco Giants Putter Grip,2016-12-01,29.0,9,24.98999977
886,Team Golf San Francisco Giants Putter Grip,2017-01-01,35.0,13,24.98999977
886,Team Golf San Francisco Giants Putter Grip,2017-02-01,31.0,10,24.989999770000004
886,Team Golf San Francisco Giants Putter Grip,2017-03-01,43.0,16,24.98999977
886,Team Golf San Francisco Giants Putter Grip,2017-04-01,47.0,14,24.98999977
893,Team Golf Pittsburgh Steelers Putter Grip,2015-01-01,14.0,8,24.98999977
893,Team Golf Pittsburgh Steelers Putter Grip,2015-02-01,37.0,11,24.98999977
893,Team Golf Pittsburgh Steelers Putter Grip,2015-03-01,35.0,12,24.98999977
893,Team Golf Pittsburgh Steelers Putter Grip,2015-04-01,30.0,11,24.98999977
893,Team Golf Pittsburgh Steelers Putter Grip,2015-05-01,32.0,12,24.98999977
893,Team Golf Pittsburgh Steelers Putter Grip,2015-06-01,37.0,13,24.98999977
893,Team Golf Pittsburgh Steelers Putter Grip,2015-07-01,37.0,14,24.98999977
893,Team Golf Pittsburgh Steelers Putter Grip,2015-08-01,37.0,12,24.98999977
893,Team Golf Pittsburgh Steelers Putter Grip,2015-09-01,26.0,9,24.98999977
893,Team Golf Pittsburgh Steelers Putter Grip,2015-10-01,39.0,11,24.98999977
893,Team Golf Pittsburgh Steelers Putter Grip,2015-11-01,23.0,10,24.989999770000004
893,Team Golf Pittsburgh Steelers Putter Grip,2015-12-01,24.0,7,24.98999977
893,Team Golf Pittsburgh Steelers Putter Grip,2016-01-01,17.0,6,24.98999977
893,Team Golf Pittsburgh Steelers Putter Grip,2016-02-01,27.0,8,24.98999977
893,Team Golf Pittsburgh Steelers Putter Grip,2016-03-01,50.0,16,24.98999977
893,Team Golf Pittsburgh Steelers Putter Grip,2016-04-01,33.0,11,24.98999977
893,Team Golf Pittsburgh Steelers Putter Grip,2016-05-01,25.0,11,24.98999977
893,Team Golf Pittsburgh Steelers Putter Grip,2016-06-01,49.0,14,24.98999977
893,Team Golf Pittsburgh Steelers Putter Grip,2016-07-01,17.0,5,24.989999770000004
893,Team Golf Pittsburgh Steelers Putter Grip,2016-08-01,27.0,10,24.989999770000004
893,Team Golf Pittsburgh Steelers Putter Grip,2016-09-01,26.0,8,24.98999977
893,Team Golf Pittsburgh Steelers Putter Grip,2016-10-01,58.0,17,24.98999977
893,Team Golf Pittsburgh Steelers Putter Grip,2016-11-01,44.0,13,24.98999977
893,Team Golf Pittsburgh Steelers Putter Grip,2016-12-01,30.0,8,24.98999977
893,Team Golf Pittsburgh Steelers Putter Grip,2017-01-01,30.0,11,24.98999977
893,Team Golf Pittsburgh Steelers Putter Grip,2017-02-01,21.0,9,24.989999770000004
893,Team Golf Pittsburgh Steelers Putter Grip,2017-03-01,24.0,7,24.98999977
893,Team Golf Pittsburgh Steelers Putter Grip,2017-04-01,38.0,11,24.98999977
897,Team Golf New England Patriots Putter Grip,2015-01-01,17.0,6,24.98999977
897,Team Golf New England Patriots Putter Grip,2015-02-01,9.0,3,24.98999977
897,Team Golf New England Patriots Putter Grip,2015-03-01,22.0,10,24.989999770000004
897,Team Golf New England Patriots Putter Grip,2015-04-01,15.0,3,24.98999977
897,Team Golf New England Patriots Putter Grip,2015-05-01,45.0,11,24.98999977
897,Team Golf New England Patriots Putter Grip,2015-06-01,23.0,8,24.98999977
897,Team Golf New England Patriots Putter Grip,2015-07-01,24.0,9,24.98999977
897,Team Golf New England Patriots Putter Grip,2015-08-01,27.0,9,24.989999770000004
897,Team Golf New England Patriots Putter Grip,2015-09-01,18.0,7,24.98999977
897,Team Golf New England Patriots Putter Grip,2015-10-01,45.0,14,24.98999977
897,Team Golf New England Patriots Putter Grip,2015-11-01,42.0,15,24.98999977
897,Team Golf New England Patriots Putter Grip,2015-12-01,13.0,6,24.98999977
897,Team Golf New England Patriots Putter Grip,2016-01-01,39.0,12,24.98999977
897,Team Golf New England Patriots Putter Grip,2016-02-01,32.0,10,24.98999977
897,Team Golf New England Patriots Putter Grip,2016-03-01,25.0,11,24.98999977
897,Team Golf New England Patriots Putter Grip,2016-04-01,52.0,17,24.98999977
897,Team Golf New England Patriots Putter Grip,2016-05-01,27.0,12,24.98999977
897,Team Golf New England Patriots Putter Grip,2016-06-01,22.0,7,24.98999977
897,Team Golf New England Patriots Putter Grip,2016-07-01,54.0,18,24.989999770000004
897,Team Golf New England Patriots Putter Grip,2016-08-01,29.0,11,24.98999977
897,Team Golf New England Patriots Putter Grip,2016-09-01,30.0,11,24.98999977
897,Team Golf New England Patriots Putter Grip,2016-10-01,41.0,13,24.98999977
897,Team Golf New England Patriots Putter Grip,2016-11-01,22.0,8,24.98999977
897,Team Golf New England Patriots Putter Grip,2016-12-01,28.0,8,24.98999977
897,Team Golf New England Patriots Putter Grip,2017-01-01,24.0,13,24.98999977
897,Team Golf New England Patriots Putter Grip,2017-02-01,20.0,6,24.98999977
897,Team Golf New England Patriots Putter Grip,2017-03-01,59.0,17,24.98999977
897,Team Golf New England Patriots Putter Grip,2017-04-01,19.0,6,24.98999977
905,Team Golf Texas Longhorns Putter Grip,2015-01-01,29.0,10,24.989999770000004
905,Team Golf Texas Longhorns Putter Grip,2015-02-01,22.0,10,24.989999770000004
905,Team Golf Texas Longhorns Putter Grip,2015-03-01,35.0,12,24.98999977
905,Team Golf Texas Longhorns Putter Grip,2015-04-01,34.0,11,24.98999977
905,Team Golf Texas Longhorns Putter Grip,2015-05-01,42.0,11,24.98999977
905,Team Golf Texas Longhorns Putter Grip,2015-06-01,34.0,13,24.98999977
905,Team Golf Texas Longhorns Putter Grip,2015-07-01,40.0,13,24.98999977
905,Team Golf Texas Longhorns Putter Grip,2015-08-01,42.0,13,24.98999977
905,Team Golf Texas Longhorns Putter Grip,2015-09-01,19.0,5,24.989999770000004
905,Team Golf Texas Longhorns Putter Grip,2015-10-01,35.0,11,24.98999977
905,Team Golf Texas Longhorns Putter Grip,2015-11-01,35.0,14,24.98999977
905,Team Golf Texas Longhorns Putter Grip,2015-12-01,38.0,13,24.98999977
905,Team Golf Texas Longhorns Putter Grip,2016-01-01,30.0,11,24.98999977
905,Team Golf Texas Longhorns Putter Grip,2016-02-01,29.0,10,24.989999770000004
905,Team Golf Texas Longhorns Putter Grip,2016-03-01,19.0,7,24.98999977
905,Team Golf Texas Longhorns Putter Grip,2016-04-01,30.0,10,24.989999770000004
905,Team Golf Texas Longhorns Putter Grip,2016-05-01,50.0,15,24.98999977
905,Team Golf Texas Longhorns Putter Grip,2016-06-01,29.0,8,24.98999977
905,Team Golf Texas Longhorns Putter Grip,2016-07-01,11.0,6,24.98999977
905,Team Golf Texas Longhorns Putter Grip,2016-08-01,22.0,7,24.98999977
905,Team Golf Texas Longhorns Putter Grip,2016-09-01,23.0,9,24.989999770000004
905,Team Golf Texas Longhorns Putter Grip,2016-10-01,37.0,12,24.98999977
905,Team Golf Texas Longhorns Putter Grip,2016-11-01,40.0,13,24.98999977
905,Team Golf Texas Longhorns Putter Grip,2016-12-01,45.0,15,24.98999977
905,Team Golf Texas Longhorns Putter Grip,2017-01-01,32.0,10,24.989999770000004
905,Team Golf Texas Longhorns Putter Grip,2017-02-01,31.0,10,24.989999770000004
905,Team Golf Texas Longhorns Putter Grip,2017-03-01,39.0,12,24.98999977
905,Team Golf Texas Longhorns Putter Grip,2017-04-01,23.0,8,24.98999977
906,Team Golf Tennessee Volunteers Putter Grip,2015-01-01,25.0,9,24.98999977
906,Team Golf Tennessee Volunteers Putter Grip,2015-02-01,15.0,5,24.989999770000004
906,Team Golf Tennessee Volunteers Putter Grip,2015-03-01,38.0,12,24.98999977
906,Team Golf Tennessee Volunteers Putter Grip,2015-04-01,19.0,6,24.98999977
906,Team Golf Tennessee Volunteers Putter Grip,2015-05-01,49.0,15,24.98999977
906,Team Golf Tennessee Volunteers Putter Grip,2015-06-01,33.0,10,24.98999977
906,Team Golf Tennessee Volunteers Putter Grip,2015-07-01,31.0,11,24.98999977
906,Team Golf Tennessee Volunteers Putter Grip,2015-08-01,36.0,9,24.98999977
906,Team Golf Tennessee Volunteers Putter Grip,2015-09-01,40.0,14,24.98999977
906,Team Golf Tennessee Volunteers Putter Grip,2015-10-01,26.0,7,24.98999977
906,Team Golf Tennessee Volunteers Putter Grip,2015-11-01,20.0,6,24.98999977
906,Team Golf Tennessee Volunteers Putter Grip,2015-12-01,40.0,12,24.98999977
906,Team Golf Tennessee Volunteers Putter Grip,2016-01-01,25.0,8,24.98999977
906,Team Golf Tennessee Volunteers Putter Grip,2016-02-01,34.0,11,24.98999977
906,Team Golf Tennessee Volunteers Putter Grip,2016-03-01,29.0,9,24.98999977
906,Team Golf Tennessee Volunteers Putter Grip,2016-04-01,45.0,17,24.98999977
906,Team Golf Tennessee Volunteers Putter Grip,2016-05-01,46.0,16,24.98999977
906,Team Golf Tennessee Volunteers Putter Grip,2016-06-01,30.0,11,24.98999977
906,Team Golf Tennessee Volunteers Putter Grip,2016-07-01,34.0,11,24.98999977
906,Team Golf Tennessee Volunteers Putter Grip,2016-08-01,34.0,12,24.98999977
906,Team Golf Tennessee Volunteers Putter Grip,2016-09-01,42.0,12,24.98999977
906,Team Golf Tennessee Volunteers Putter Grip,2016-10-01,38.0,12,24.98999977
906,Team Golf Tennessee Volunteers Putter Grip,2016-11-01,51.0,15,24.98999977
906,Team Golf Tennessee Volunteers Putter Grip,2016-12-01,44.0,16,24.98999977
906,Team Golf Tennessee Volunteers Putter Grip,2017-01-01,17.0,8,24.98999977
906,Team Golf Tennessee Volunteers Putter Grip,2017-02-01,33.0,11,24.98999977
906,Team Golf Tennessee Volunteers Putter Grip,2017-03-01,31.0,11,24.98999977
906,Team Golf Tennessee Volunteers Putter Grip,2017-04-01,10.0,4,24.98999977
917,Glove It Women's Mod Oval 3-Zip Carry All Gol,2015-01-01,60.0,15,21.98999977
917,Glove It Women's Mod Oval 3-Zip Carry All Gol,2015-02-01,26.0,9,21.989999770000004
917,Glove It Women's Mod Oval 3-Zip Carry All Gol,2015-03-01,47.0,15,21.98999977
917,Glove It Women's Mod Oval 3-Zip Carry All Gol,2015-04-01,32.0,11,21.98999977
917,Glove It Women's Mod Oval 3-Zip Carry All Gol,2015-05-01,39.0,10,21.989999770000004
917,Glove It Women's Mod Oval 3-Zip Carry All Gol,2015-06-01,42.0,14,21.98999977
917,Glove It Women's Mod Oval 3-Zip Carry All Gol,2015-07-01,26.0,8,21.98999977
917,Glove It Women's Mod Oval 3-Zip Carry All Gol,2015-08-01,26.0,8,21.98999977
917,Glove It Women's Mod Oval 3-Zip Carry All Gol,2015-09-01,12.0,4,21.98999977
917,Glove It Women's Mod Oval 3-Zip Carry All Gol,2015-10-01,23.0,8,21.98999977
917,Glove It Women's Mod Oval 3-Zip Carry All Gol,2015-11-01,34.0,10,21.98999977
917,Glove It Women's Mod Oval 3-Zip Carry All Gol,2015-12-01,17.0,8,21.98999977
917,Glove It Women's Mod Oval 3-Zip Carry All Gol,2016-01-01,39.0,15,21.98999977
917,Glove It Women's Mod Oval 3-Zip Carry All Gol,2016-02-01,20.0,7,21.98999977
917,Glove It Women's Mod Oval 3-Zip Carry All Gol,2016-03-01,57.0,17,21.98999977
917,Glove It Women's Mod Oval 3-Zip Carry All Gol,2016-04-01,39.0,12,21.98999977
917,Glove It Women's Mod Oval 3-Zip Carry All Gol,2016-05-01,25.0,8,21.98999977
917,Glove It Women's Mod Oval 3-Zip Carry All Gol,2016-06-01,33.0,10,21.98999977
917,Glove It Women's Mod Oval 3-Zip Carry All Gol,2016-07-01,52.0,15,21.98999977
917,Glove It Women's Mod Oval 3-Zip Carry All Gol,2016-08-01,15.0,5,21.98999977
917,Glove It Women's Mod Oval 3-Zip Carry All Gol,2016-09-01,51.0,16,21.98999977
917,Glove It Women's Mod Oval 3-Zip Carry All Gol,2016-10-01,19.0,7,21.98999977
917,Glove It Women's Mod Oval 3-Zip Carry All Gol,2016-11-01,30.0,9,21.989999770000004
917,Glove It Women's Mod Oval 3-Zip Carry All Gol,2016-12-01,32.0,10,21.989999770000004
917,Glove It Women's Mod Oval 3-Zip Carry All Gol,2017-01-01,47.0,14,21.98999977
917,Glove It Women's Mod Oval 3-Zip Carry All Gol,2017-02-01,17.0,7,21.98999977
917,Glove It Women's Mod Oval 3-Zip Carry All Gol,2017-03-01,37.0,11,21.98999977
917,Glove It Women's Mod Oval 3-Zip Carry All Gol,2017-04-01,33.0,12,21.98999977
924,Glove It Urban Brick Golf Towel,2015-01-01,42.0,13,15.98999977
924,Glove It Urban Brick Golf Towel,2015-02-01,21.0,8,15.98999977
924,Glove It Urban Brick Golf Towel,2015-03-01,28.0,10,15.98999977
924,Glove It Urban Brick Golf Towel,2015-04-01,49.0,14,15.98999977
924,Glove It Urban Brick Golf Towel,2015-05-01,31.0,10,15.98999977
924,Glove It Urban Brick Golf Towel,2015-06-01,24.0,10,15.98999977
924,Glove It Urban Brick Golf Towel,2015-07-01,45.0,14,15.989999769999999
924,Glove It Urban Brick Golf Towel,2015-08-01,26.0,8,15.98999977
924,Glove It Urban Brick Golf Towel,2015-09-01,38.0,13,15.98999977
924,Glove It Urban Brick Golf Towel,2015-10-01,6.0,3,15.989999770000002
924,Glove It Urban Brick Golf Towel,2015-11-01,29.0,11,15.989999769999999
924,Glove It Urban Brick Golf Towel,2015-12-01,56.0,19,15.98999977
924,Glove It Urban Brick Golf Towel,2016-01-01,25.0,9,15.98999977
924,Glove It Urban Brick Golf Towel,2016-02-01,35.0,13,15.989999769999999
924,Glove It Urban Brick Golf Towel,2016-03-01,43.0,16,15.98999977
924,Glove It Urban Brick Golf Towel,2016-04-01,39.0,15,15.989999769999999
924,Glove It Urban Brick Golf Towel,2016-05-01,43.0,13,15.989999769999999
924,Glove It Urban Brick Golf Towel,2016-06-01,25.0,6,15.989999770000002
924,Glove It Urban Brick Golf Towel,2016-07-01,17.0,7,15.98999977
924,Glove It Urban Brick Golf Towel,2016-08-01,34.0,11,15.989999769999999
924,Glove It Urban Brick Golf Towel,2016-09-01,26.0,10,15.98999977
924,Glove It Urban Brick Golf Towel,2016-10-01,42.0,15,15.98999977
924,Glove It Urban Brick Golf Towel,2016-11-01,8.0,3,15.989999770000002
924,Glove It Urban Brick Golf Towel,2016-12-01,29.0,9,15.98999977
924,Glove It Urban Brick Golf Towel,2017-01-01,35.0,9,15.98999977
924,Glove It Urban Brick Golf Towel,2017-02-01,30.0,10,15.98999977
924,Glove It Urban Brick Golf Towel,2017-03-01,42.0,14,15.98999977
924,Glove It Urban Brick Golf Towel,2017-04-01,17.0,7,15.98999977
926,Glove It Imperial Golf Towel,2015-01-01,31.0,10,15.98999977
926,Glove It Imperial Golf Towel,2015-02-01,28.0,10,15.98999977
926,Glove It Imperial Golf Towel,2015-03-01,52.0,18,15.98999977
926,Glove It Imperial Golf Towel,2015-04-01,31.0,10,15.98999977
926,Glove It Imperial Golf Towel,2015-05-01,24.0,7,15.98999977
926,Glove It Imperial Golf Towel,2015-06-01,18.0,6,15.989999769999999
926,Glove It Imperial Golf Towel,2015-07-01,40.0,11,15.989999769999999
926,Glove It Imperial Golf Towel,2015-08-01,44.0,14,15.98999977
926,Glove It Imperial Golf Towel,2015-09-01,18.0,6,15.989999770000002
926,Glove It Imperial Golf Towel,2015-10-01,51.0,14,15.989999769999999
926,Glove It Imperial Golf Towel,2015-11-01,43.0,12,15.989999769999999
926,Glove It Imperial Golf Towel,2015-12-01,30.0,13,15.989999769999999
926,Glove It Imperial Golf Towel,2016-01-01,31.0,10,15.98999977
926,Glove It Imperial Golf Towel,2016-02-01,35.0,11,15.989999769999999
926,Glove It Imperial Golf Towel,2016-03-01,35.0,10,15.98999977
926,Glove It Imperial Golf Towel,2016-04-01,41.0,12,15.989999769999999
926,Glove It Imperial Golf Towel,2016-05-01,31.0,10,15.98999977
926,Glove It Imperial Golf Towel,2016-06-01,11.0,7,15.98999977
926,Glove It Imperial Golf Towel,2016-07-01,53.0,14,15.989999769999999
926,Glove It Imperial Golf Towel,2016-08-01,54.0,17,15.98999977
926,Glove It Imperial Golf Towel,2016-09-01,39.0,13,15.98999977
926,Glove It Imperial Golf Towel,2016-10-01,42.0,14,15.989999769999999
926,Glove It Imperial Golf Towel,2016-11-01,39.0,12,15.989999769999999
926,Glove It Imperial Golf Towel,2016-12-01,31.0,13,15.989999769999999
926,Glove It Imperial Golf Towel,2017-01-01,10.0,5,15.989999770000002
926,Glove It Imperial Golf Towel,2017-02-01,21.0,7,15.98999977
926,Glove It Imperial Golf Towel,2017-03-01,16.0,7,15.989999769999999
926,Glove It Imperial Golf Towel,2017-04-01,31.0,9,15.98999977
957,Diamondback Women's Serene Classic Comfort Bi,2015-01-01,415.0,415,299.98001100000045
957,Diamondback Women's Serene Classic Comfort Bi,2015-02-01,392.0,392,299.98001099999993
957,Diamondback Women's Serene Classic Comfort Bi,2015-03-01,405.0,405,299.98001100000016
957,Diamondback Women's Serene Classic Comfort Bi,2015-04-01,417.0,417,299.98001100000016
957,Diamondback Women's Serene Classic Comfort Bi,2015-05-01,392.0,392,299.9800110000007
957,Diamondback Women's Serene Classic Comfort Bi,2015-06-01,411.0,411,299.9800110000004
957,Diamondback Women's Serene Classic Comfort Bi,2015-07-01,412.0,412,299.98001100000073
957,Diamondback Women's Serene Classic Comfort Bi,2015-08-01,407.0,407,299.98001100000045
957,Diamondback Women's Serene Classic Comfort Bi,2015-09-01,436.0,436,299.98001100000084
957,Diamondback Women's Serene Classic Comfort Bi,2015-10-01,428.0,428,299.9800110000008
957,Diamondback Women's Serene Classic Comfort Bi,2015-11-01,430.0,430,299.9800110000008
957,Diamondback Women's Serene Classic Comfort Bi,2015-12-01,389.0,389,299.9800110000005
957,Diamondback Women's Serene Classic Comfort Bi,2016-01-01,416.0,416,299.9800110000006
957,Diamondback Women's Serene Classic Comfort Bi,2016-02-01,383.0,383,299.980011
957,Diamondback Women's Serene Classic Comfort Bi,2016-03-01,433.0,433,299.9800110000006
957,Diamondback Women's Serene Classic Comfort Bi,2016-04-01,384.0,384,299.98001100000033
957,Diamondback Women's Serene Classic Comfort Bi,2016-05-01,426.0,426,299.98001100000045
957,Diamondback Women's Serene Classic Comfort Bi,2016-06-01,421.0,421,299.98001100000033
957,Diamondback Women's Serene Classic Comfort Bi,2016-07-01,418.0,418,299.9800110000006
957,Diamondback Women's Serene Classic Comfort Bi,2016-08-01,419.0,419,299.9800110000006
957,Diamondback Women's Serene Classic Comfort Bi,2016-09-01,385.0,385,299.9800110000002
957,Diamondback Women's Serene Classic Comfort Bi,2016-10-01,422.0,422,299.9800110000007
957,Diamondback Women's Serene Classic Comfort Bi,2016-11-01,426.0,426,299.98001100000056
957,Diamondback Women's Serene Classic Comfort Bi,2016-12-01,395.0,395,299.9800110000007
957,Diamondback Women's Serene Classic Comfort Bi,2017-01-01,425.0,425,299.9800110000006
957,Diamondback Women's Serene Classic Comfort Bi,2017-02-01,422.0,422,299.98001100000084
957,Diamondback Women's Serene Classic Comfort Bi,2017-03-01,450.0,450,299.98001100000016
957,Diamondback Women's Serene Classic Comfort Bi,2017-04-01,436.0,436,299.9800110000005
957,Diamondback Women's Serene Classic Comfort Bi,2017-05-01,451.0,451,299.980011000001
957,Diamondback Women's Serene Classic Comfort Bi,2017-06-01,410.0,410,299.9800110000004
957,Diamondback Women's Serene Classic Comfort Bi,2017-07-01,431.0,431,299.98001100000056
957,Diamondback Women's Serene Classic Comfort Bi,2017-08-01,391.0,391,299.9800110000004
957,Diamondback Women's Serene Classic Comfort Bi,2017-09-01,436.0,436,299.98001100000096
957,Diamondback Women's Serene Classic Comfort Bi,2017-10-01,15.0,15,299.980011
977,ENO Atlas Hammock Straps,2015-01-01,48.0,17,29.98999977
977,ENO Atlas Hammock Straps,2015-02-01,39.0,14,29.98999977
977,ENO Atlas Hammock Straps,2015-03-01,34.0,13,29.98999977
977,ENO Atlas Hammock Straps,2015-04-01,24.0,8,29.98999977
977,ENO Atlas Hammock Straps,2015-05-01,29.0,9,29.989999770000004
977,ENO Atlas Hammock Straps,2015-06-01,26.0,9,29.989999770000004
977,ENO Atlas Hammock Straps,2015-07-01,38.0,13,29.98999977
977,ENO Atlas Hammock Straps,2015-08-01,61.0,20,29.989999770000004
977,ENO Atlas Hammock Straps,2015-09-01,37.0,12,29.98999977
977,ENO Atlas Hammock Straps,2015-10-01,22.0,8,29.98999977
977,ENO Atlas Hammock Straps,2015-11-01,46.0,16,29.989999770000004
977,ENO Atlas Hammock Straps,2015-12-01,27.0,7,29.98999977
977,ENO Atlas Hammock Straps,2016-01-01,31.0,9,29.989999770000004
977,ENO Atlas Hammock Straps,2016-02-01,40.0,11,29.98999977
977,ENO Atlas Hammock Straps,2016-03-01,32.0,12,29.98999977
977,ENO Atlas Hammock Straps,2016-04-01,42.0,11,29.98999977
977,ENO Atlas Hammock Straps,2016-05-01,18.0,8,29.98999977
977,ENO Atlas Hammock Straps,2016-06-01,34.0,11,29.98999977
977,ENO Atlas Hammock Straps,2016-07-01,33.0,10,29.989999770000004
977,ENO Atlas Hammock Straps,2016-08-01,33.0,11,29.98999977
977,ENO Atlas Hammock Straps,2016-09-01,60.0,17,29.98999977
977,ENO Atlas Hammock Straps,2016-10-01,26.0,10,29.989999770000004
977,ENO Atlas Hammock Straps,2016-11-01,40.0,13,29.98999977
977,ENO Atlas Hammock Straps,2016-12-01,32.0,11,29.98999977
977,ENO Atlas Hammock Straps,2017-01-01,31.0,10,29.989999770000004
977,ENO Atlas Hammock Straps,2017-02-01,24.0,7,29.98999977
977,ENO Atlas Hammock Straps,2017-03-01,37.0,12,29.98999977
977,ENO Atlas Hammock Straps,2017-04-01,54.0,14,29.98999977
981,The North Face Women's Recon Backpack,2017-04-01,21.0,5,99.0
981,The North Face Women's Recon Backpack,2017-05-01,19.0,8,99.0
981,The North Face Women's Recon Backpack,2017-06-01,36.0,11,99.0
981,The North Face Women's Recon Backpack,2017-07-01,53.0,16,99.0
981,The North Face Women's Recon Backpack,2017-08-01,39.0,12,99.0
981,The North Face Women's Recon Backpack,2017-09-01,13.0,5,99.0
982,insta-bed Neverflat Air Mattress,2017-04-01,6.0,6,149.9900055
982,insta-bed Neverflat Air Mattress,2017-05-01,17.0,17,149.99000550000005
982,insta-bed Neverflat Air Mattress,2017-06-01,7.0,7,149.99000550000002
982,insta-bed Neverflat Air Mattress,2017-07-01,11.0,11,149.99000550000002
982,insta-bed Neverflat Air Mattress,2017-08-01,17.0,17,149.99000550000005
982,insta-bed Neverflat Air Mattress,2017-09-01,2.0,2,149.9900055
1004,Field & Stream Sportsman 16 Gun Fire Safe,2015-01-01,542.0,542,399.98001100000255
1004,Field & Stream Sportsman 16 Gun Fire Safe,2015-02-01,442.0,442,399.9800110000016
1004,Field & Stream Sportsman 16 Gun Fire Safe,2015-03-01,525.0,525,399.98001100000243
1004,Field & Stream Sportsman 16 Gun Fire Safe,2015-04-01,523.0,523,399.9800110000024
1004,Field & Stream Sportsman 16 Gun Fire Safe,2015-05-01,516.0,516,399.9800110000023
1004,Field & Stream Sportsman 16 Gun Fire Safe,2015-06-01,538.0,538,399.9800110000025
1004,Field & Stream Sportsman 16 Gun Fire Safe,2015-07-01,515.0,515,399.9800110000023
1004,Field & Stream Sportsman 16 Gun Fire Safe,2015-08-01,509.0,509,399.9800110000023
1004,Field & Stream Sportsman 16 Gun Fire Safe,2015-09-01,508.0,508,399.9800110000022
1004,Field & Stream Sportsman 16 Gun Fire Safe,2015-10-01,524.0,524,399.9800110000024
1004,Field & Stream Sportsman 16 Gun Fire Safe,2015-11-01,539.0,539,399.9800110000025
1004,Field & Stream Sportsman 16 Gun Fire Safe,2015-12-01,560.0,560,399.98001100000266
1004,Field & Stream Sportsman 16 Gun Fire Safe,2016-01-01,553.0,553,399.9800110000026
1004,Field & Stream Sportsman 16 Gun Fire Safe,2016-02-01,518.0,518,399.9800110000046
1004,Field & Stream Sportsman 16 Gun Fire Safe,2016-03-01,528.0,528,399.98001100000465
1004,Field & Stream Sportsman 16 Gun Fire Safe,2016-04-01,527.0,527,399.98001100000465
1004,Field & Stream Sportsman 16 Gun Fire Safe,2016-05-01,502.0,502,399.98001100000454
1004,Field & Stream Sportsman 16 Gun Fire Safe,2016-06-01,546.0,546,399.98001100000477
1004,Field & Stream Sportsman 16 Gun Fire Safe,2016-07-01,523.0,523,399.98001100000465
1004,Field & Stream Sportsman 16 Gun Fire Safe,2016-08-01,534.0,534,399.9800110000047
1004,Field & Stream Sportsman 16 Gun Fire Safe,2016-09-01,508.0,508,399.9800110000046
1004,Field & Stream Sportsman 16 Gun Fire Safe,2016-10-01,509.0,509,399.9800110000046
1004,Field & Stream Sportsman 16 Gun Fire Safe,2016-11-01,560.0,560,399.9800110000048
1004,Field & Stream Sportsman 16 Gun Fire Safe,2016-12-01,525.0,525,399.98001100000465
1004,Field & Stream Sportsman 16 Gun Fire Safe,2017-01-01,503.0,503,399.98001100000454
1004,Field & Stream Sportsman 16 Gun Fire Safe,2017-02-01,481.0,481,399.9800110000044
1004,Field & Stream Sportsman 16 Gun Fire Safe,2017-03-01,516.0,516,399.9800110000046
1004,Field & Stream Sportsman 16 Gun Fire Safe,2017-04-01,517.0,517,399.9800110000046
1004,Field & Stream Sportsman 16 Gun Fire Safe,2017-05-01,534.0,534,399.9800110000047
1004,Field & Stream Sportsman 16 Gun Fire Safe,2017-06-01,524.0,524,399.98001100000465
1004,Field & Stream Sportsman 16 Gun Fire Safe,2017-07-01,545.0,545,399.9800110000047
1004,Field & Stream Sportsman 16 Gun Fire Safe,2017-08-01,548.0,548,399.98001100000477
1004,Field & Stream Sportsman 16 Gun Fire Safe,2017-09-01,566.0,566,399.9800110000048
1004,Field & Stream Sportsman 16 Gun Fire Safe,2017-10-01,17.0,17,399.98001099999993
1014,O'Brien Men's Neoprene Life Vest,2015-01-01,1892.0,606,49.979999539999724
1014,O'Brien Men's Neoprene Life Vest,2015-02-01,1589.0,520,49.979999539999845
1014,O'Brien Men's Neoprene Life Vest,2015-03-01,1925.0,635,49.97999953999969
1014,O'Brien Men's Neoprene Life Vest,2015-04-01,1765.0,569,49.97999953999977
1014,O'Brien Men's Neoprene Life Vest,2015-05-01,1712.0,596,49.97999953999973
1014,O'Brien Men's Neoprene Life Vest,2015-06-01,1701.0,557,49.97999953999979
1014,O'Brien Men's Neoprene Life Vest,2015-07-01,1835.0,614,49.97999953999971
1014,O'Brien Men's Neoprene Life Vest,2015-08-01,1566.0,524,49.97999953999984
1014,O'Brien Men's Neoprene Life Vest,2015-09-01,1793.0,579,49.97999953999976
1014,O'Brien Men's Neoprene Life Vest,2015-10-01,1803.0,594,49.97999953999974
1014,O'Brien Men's Neoprene Life Vest,2015-11-01,1789.0,601,49.979999539999724
1014,O'Brien Men's Neoprene Life Vest,2015-12-01,1856.0,628,49.979999539999696
1014,O'Brien Men's Neoprene Life Vest,2016-01-01,1830.0,607,49.97999953999972
1014,O'Brien Men's Neoprene Life Vest,2016-02-01,1780.0,573,49.97999953999977
1014,O'Brien Men's Neoprene Life Vest,2016-03-01,1669.0,574,49.97999953999976
1014,O'Brien Men's Neoprene Life Vest,2016-04-01,1648.0,580,49.9799995400003
1014,O'Brien Men's Neoprene Life Vest,2016-05-01,1770.0,599,49.97999953999973
1014,O'Brien Men's Neoprene Life Vest,2016-06-01,1585.0,525,49.97999953999984
1014,O'Brien Men's Neoprene Life Vest,2016-07-01,1805.0,610,49.97999953999972
1014,O'Brien Men's Neoprene Life Vest,2016-08-01,1605.0,554,49.979999539999795
1014,O'Brien Men's Neoprene Life Vest,2016-09-01,1741.0,598,49.979999540000215
1014,O'Brien Men's Neoprene Life Vest,2016-10-01,1995.0,649,49.979999539999675
1014,O'Brien Men's Neoprene Life Vest,2016-11-01,1759.0,574,49.97999953999976
1014,O'Brien Men's Neoprene Life Vest,2016-12-01,1860.0,606,49.979999539999724
1014,O'Brien Men's Neoprene Life Vest,2017-01-01,1771.0,614,49.97999953999971
1014,O'Brien Men's Neoprene Life Vest,2017-02-01,1764.0,578,49.97999953999976
1014,O'Brien Men's Neoprene Life Vest,2017-03-01,1720.0,592,49.97999953999974
1014,O'Brien Men's Neoprene Life Vest,2017-04-01,1836.0,615,49.97999953999971
1014,O'Brien Men's Neoprene Life Vest,2017-05-01,1775.0,589,49.979999539999746
1014,O'Brien Men's Neoprene Life Vest,2017-06-01,1552.0,526,49.97999953999984
1014,O'Brien Men's Neoprene Life Vest,2017-07-01,1736.0,563,49.979999540000286
1014,O'Brien Men's Neoprene Life Vest,2017-08-01,1699.0,571,49.97999953999977
1014,O'Brien Men's Neoprene Life Vest,2017-09-01,1609.0,553,49.979999539999795
1014,O'Brien Men's Neoprene Life Vest,2017-10-01,68.0,25,49.979999540000016
1059,Pelican Maverick 100X Kayak,2017-09-01,40.0,40,349.98999019999985
1073,Pelican Sunstream 100 Kayak,2015-01-01,471.0,471,199.99000550000218
1073,Pelican Sunstream 100 Kayak,2015-02-01,433.0,433,199.9900055000021
1073,Pelican Sunstream 100 Kayak,2015-03-01,480.0,480,199.9900055000022
1073,Pelican Sunstream 100 Kayak,2015-04-01,489.0,489,199.99000550000224
1073,Pelican Sunstream 100 Kayak,2015-05-01,495.0,495,199.99000550000227
1073,Pelican Sunstream 100 Kayak,2015-06-01,460.0,460,199.99000550000216
1073,Pelican Sunstream 100 Kayak,2015-07-01,472.0,472,199.9900055000016
1073,Pelican Sunstream 100 Kayak,2015-08-01,488.0,488,199.99000550000224
1073,Pelican Sunstream 100 Kayak,2015-09-01,436.0,436,199.9900055000021
1073,Pelican Sunstream 100 Kayak,2015-10-01,484.0,484,199.99000550000224
1073,Pelican Sunstream 100 Kayak,2015-11-01,464.0,464,199.99000550000093
1073,Pelican Sunstream 100 Kayak,2015-12-01,498.0,498,199.99000550000227
1073,Pelican Sunstream 100 Kayak,2016-01-01,454.0,454,199.99000550000216
1073,Pelican Sunstream 100 Kayak,2016-02-01,428.0,428,199.99000550000207
1073,Pelican Sunstream 100 Kayak,2016-03-01,453.0,453,199.99000550000216
1073,Pelican Sunstream 100 Kayak,2016-04-01,429.0,429,199.99000550000207
1073,Pelican Sunstream 100 Kayak,2016-05-01,516.0,516,199.9900055000023
1073,Pelican Sunstream 100 Kayak,2016-06-01,411.0,411,199.990005500002
1073,Pelican Sunstream 100 Kayak,2016-07-01,515.0,515,199.9900055000023
1073,Pelican Sunstream 100 Kayak,2016-08-01,459.0,459,199.99000550000216
1073,Pelican Sunstream 100 Kayak,2016-09-01,473.0,473,199.9900055000022
1073,Pelican Sunstream 100 Kayak,2016-10-01,490.0,490,199.99000550000224
1073,Pelican Sunstream 100 Kayak,2016-11-01,475.0,475,199.9900055000022
1073,Pelican Sunstream 100 Kayak,2016-12-01,446.0,446,199.99000550000213
1073,Pelican Sunstream 100 Kayak,2017-01-01,432.0,432,199.99000550000207
1073,Pelican Sunstream 100 Kayak,2017-02-01,443.0,443,199.99000550000213
1073,Pelican Sunstream 100 Kayak,2017-03-01,495.0,495,199.99000550000227
1073,Pelican Sunstream 100 Kayak,2017-04-01,481.0,481,199.9900055000022
1073,Pelican Sunstream 100 Kayak,2017-05-01,485.0,485,199.99000550000224
1073,Pelican Sunstream 100 Kayak,2017-06-01,461.0,461,199.99000550000216
1073,Pelican Sunstream 100 Kayak,2017-07-01,471.0,471,199.99000550000218
1073,Pelican Sunstream 100 Kayak,2017-08-01,516.0,516,199.9900055000023
1073,Pelican Sunstream 100 Kayak,2017-09-01,472.0,472,199.9900055000022
1073,Pelican Sunstream 100 Kayak,2017-10-01,25.0,25,199.99000549999994
1346,Sports Books ,2017-10-01,308.0,308,31.079999919999942
1346,Sports Books ,2017-12-01,97.0,97,31.079999920000024
1347,Baby sweater,2017-10-01,82.0,82,59.080001830000015
1347,Baby sweater,2017-12-01,125.0,125,59.08000182999999
1348,CDs of rock,2017-10-01,133.0,133,11.28999996000001
1348,CDs of rock,2017-12-01,138.0,138,11.289999960000012
1349,Web Camera,2017-10-01,575.0,575,452.0400084999975
1349,Web Camera,2017-12-01,17.0,17,452.04000850000006
1350,Children's heaters,2017-10-01,522.0,522,357.10000609999884
1350,Children's heaters,2017-12-01,130.0,130,357.1000061000002
1351,Dell Laptop,2017-10-01,350.0,350,1500.0
1351,Dell Laptop,2017-12-01,92.0,92,1500.0
1352,Industrial consumer electronics,2017-10-01,49.0,49,252.88000490000005
1352,Industrial consumer electronics,2017-11-01,236.0,236,252.8800048999993
1352,Industrial consumer electronics,2017-12-01,146.0,146,252.88000489999982
1353,Porcelain crafts,2017-11-01,231.0,231,461.4800109999999
1353,Porcelain crafts,2017-12-01,253.0,253,461.4800110000005
1354,DVDs ,2017-11-01,367.0,367,164.3800048999993
1354,DVDs ,2017-12-01,109.0,109,164.38000490000007
1354,DVDs ,2018-01-01,7.0,7,164.3800049
1355,Lawn mower,2017-11-01,388.0,388,532.5800171000006
1355,Lawn mower,2018-01-01,96.0,96,532.5800171000001
1356,First aid kit,2017-11-01,239.0,239,293.04000850000006
1356,First aid kit,2018-01-01,123.0,123,293.04000850000006
1357,Men's gala suit,2017-11-01,177.0,177,210.8500061000002
1357,Men's gala suit,2018-01-01,31.0,31,210.85000610000003
1358,Rock music,2017-11-01,290.0,290,260.6499938999994
1358,Rock music,2018-01-01,144.0,144,260.64999390000014
1359,Adult dog supplies,2017-11-01,127.0,127,84.40000152999991
1359,Adult dog supplies,2017-12-01,119.0,119,84.40000152999991
1359,Adult dog supplies,2018-01-01,246.0,246,84.40000153000011
1360,Smart watch ,2017-12-01,145.0,145,327.75
1360,Smart watch ,2018-01-01,212.0,212,327.75
1361,Toys ,2017-12-01,253.0,253,11.539999959999962
1361,Toys ,2018-01-01,276.0,276,11.53999995999996
1362,Fighting video games,2017-12-01,228.0,228,39.75
1362,Fighting video games,2018-01-01,610.0,610,39.75
1363,Summer dresses,2017-12-01,272.0,272,215.82000730000016
1363,Summer dresses,2018-01-01,378.0,378,215.82000729999967
